event_api_id,event_name,event_url,start_at,end_at,timezone,location_type,event_type,visibility,guest_count,ticket_count,is_free,require_approval,calendar_name,calendar_api_id,city,region,country,full_address,latitude,longitude,cover_url,hosts,host_ids,calendar_description
evt-bmF5thuNAF1ptyY,LabWeek Web3 Opening Party,bsdbwxgd,2025-11-13T22:00:00.000Z,2025-11-14T02:00:00.000Z,America/Buenos_Aires,offline,independent,public,635,635,true,false,Protocol Labs Events,cal-kiDtjjxg450ABIj,Buenos Aires,Ciudad Aut√≥noma de Buenos Aires,Argentina,"Madero Walk Eventos, Pierina Dealessi 1855, C1107 Cdad. Aut√≥noma de Buenos Aires, Argentina",-34.6206762,-58.36296540000001,https://images.lumacdn.com/event-covers/vi/bae19f9a-14c4-4a1e-9c36-1acff8632680.png,"[""Protocol Labs""]","[""usr-fUNvOvwztMoxqik""]","Protocol Labs is an innovation network of 700+ teams and projects, driving breakthroughs in computing to push humanity forward"
evt-pwk33qGd6aemhTG,Ordinals Buenos Aires,h3opg1r5,2025-11-13T22:00:00.000Z,2025-11-14T00:00:00.000Z,America/Buenos_Aires,offline,independent,public,406,406,true,false,Personal,cal-q4uErDNx4h9BCPL,Buenos Aires,Ciudad Aut√≥noma de Buenos Aires,Argentina,"Planetario Galileo Galilei, Av. Sarmiento s/n, C1425 Cdad. Aut√≥noma de Buenos Aires, Argentina",-34.5696763,-58.4116258,https://images.lumacdn.com/event-covers/pt/6a916cab-7fc6-4b5c-86f8-78efdc826332.png,"[""Sebasti√°n Rosenberg""]","[""usr-Zo8F1N9BRjz4dXn""]",
evt-qi1HirmtDE6sCg6,sub0 symbiosis ‚Äî Polkadot flagship conference,Sub0Symbiosis,2025-11-14T13:00:00.000Z,2025-11-17T02:30:00.000Z,America/Buenos_Aires,offline,independent,public,2103,2103,false,true,WebZero,cal-CDA4MXtfrYvu7GN,Buenos Aires,Ciudad Aut√≥noma de Buenos Aires,Argentina,"Bubble Studio, C1416CJK, Cucha Cucha 1661, C1416 Cdad. Aut√≥noma de Buenos Aires, Argentina",-34.6038715,-58.454834399999996,https://images.lumacdn.com/event-covers/4a/fbbcabc6-6c44-461a-872c-ced2c564215d.gif,"[""WebZero Events"",""Polkadot""]","[""usr-UTb9QY13cxXbMpV"",""usr-G1N3rjrGi2R5piM""]",Authentic world wide web3
evt-OE5L2E0L9CflIbS,HYDRATION Beach Party ü¶©,hydrationbeachparty,2025-11-14T16:00:00.000Z,2025-11-14T20:00:00.000Z,America/Argentina/Buenos_Aires,offline,independent,public,982,982,false,true,WebZero,cal-CDA4MXtfrYvu7GN,Buenos Aires,Ciudad Aut√≥noma de Buenos Aires,Argentina,"Bubble Studio, C1416CJK, Cucha Cucha 1661, C1416 Cdad. Aut√≥noma de Buenos Aires, Argentina",-34.6038715,-58.454834399999996,https://images.lumacdn.com/event-covers/gd/3e1a8d88-1915-41ca-a102-7e714b454cd8.jpg,"[""Hydration""]","[""usr-xtbp136JE25OLHR""]",Authentic world wide web3
evt-Ra8UQFF77T9ix63,DarkFi & Privacy Noon,darkfi,2025-11-14T17:00:00.000Z,2025-11-14T20:00:00.000Z,America/Buenos_Aires,offline,independent,public,0,0,false,true,WebZero,cal-CDA4MXtfrYvu7GN,Buenos Aires,Ciudad Aut√≥noma de Buenos Aires,Argentina,"Bubble Studio, C1416CJK, Cucha Cucha 1661, C1416 Cdad. Aut√≥noma de Buenos Aires, Argentina",-34.6038715,-58.454834399999996,https://images.lumacdn.com/event-covers/47/780f670b-2ea2-45d4-832c-6c53d3243b59.jpg,"[""WebZero Events""]","[""usr-UTb9QY13cxXbMpV""]",Authentic world wide web3
evt-VFJzAqzvsMgrtjl,"Miniapps 101 - Design, ship, and distribute miniapps",ma0gsh08,2025-11-14T18:00:00.000Z,2025-11-14T22:00:00.000Z,America/Buenos_Aires,offline,independent,public,126,126,false,true,Personal,cal-5mTUgFfZvtKDE3c,Buenos Aires,Ciudad Aut√≥noma de Buenos Aires,Argentina,"Huerta Coworking, Av. Dorrego 2133, C1414 Cdad. Aut√≥noma de Buenos Aires, Argentina",-34.578221,-58.4394533,https://images.lumacdn.com/event-covers/3r/bbe73d0f-1b7f-4c90-877d-c4bb861a920c.png,"[""urbe.eth"",""limone.eth""]","[""usr-XHXLIwGBTBHCqAe"",""usr-xhoZzZhcB0t44qY""]",
evt-R64c1jG4hOjMh0H,Security Rooftop Mixer w/ PALüç∏,securitymixer,2025-11-14T20:00:00.000Z,2025-11-15T02:00:00.000Z,Europe/Madrid,offline,independent,public,0,0,false,true,WebZero,cal-CDA4MXtfrYvu7GN,Buenos Aires,Ciudad Aut√≥noma de Buenos Aires,Argentina,"Bubble Studio, C1416CJK, Cucha Cucha 1661, C1416 Cdad. Aut√≥noma de Buenos Aires, Argentina",-34.6038715,-58.454834399999996,https://images.lumacdn.com/event-covers/t0/8645f903-2d08-4c3d-b7dc-f95293a3e30e.jpg,"[""Valery"",""Polkadot""]","[""usr-mPDnxdy9ZtNdCBZ"",""usr-G1N3rjrGi2R5piM""]",Authentic world wide web3
evt-4CWDoYGseIXg1tz,Protocol Labs After Hours - Buenos Aires Edition,yss74xvs,2025-11-14T22:00:00.000Z,2025-11-15T02:59:00.000Z,America/Buenos_Aires,offline,independent,public,783,784,true,false,Protocol Labs Events,cal-kiDtjjxg450ABIj,Buenos Aires,Ciudad Aut√≥noma de Buenos Aires,Argentina,"Verne Club, Av. Medrano 1475, C1179 Cdad. Aut√≥noma de Buenos Aires, Argentina",-34.5919254,-58.41891,https://images.lumacdn.com/event-covers/6n/b407d3f8-eab6-4ffa-90c2-0b0066b25127.png,"[""Protocol Labs""]","[""usr-fUNvOvwztMoxqik""]","Protocol Labs is an innovation network of 700+ teams and projects, driving breakthroughs in computing to push humanity forward"
evt-IDMXLfafuE5Zu2R,SYMBIOSIS Opening Party,sub0opening,2025-11-14T23:00:00.000Z,2025-11-15T06:00:00.000Z,America/Buenos_Aires,offline,independent,public,816,816,false,true,WebZero,cal-CDA4MXtfrYvu7GN,Buenos Aires,Ciudad Aut√≥noma de Buenos Aires,Argentina,"Bubble Studio, C1416CJK, Cucha Cucha 1661, C1416 Cdad. Aut√≥noma de Buenos Aires, Argentina",-34.6038715,-58.454834399999996,https://images.lumacdn.com/event-covers/qb/c8afcaa7-34ab-4413-a198-05b463ff54f2.png,"[""WebZero Events"",""Polkadot"",""Mubert Protocol""]","[""usr-UTb9QY13cxXbMpV"",""usr-G1N3rjrGi2R5piM"",""usr-AQDMbr9JVLV1JdJ""]",Authentic world wide web3
evt-aOPCjN9ICuoDu8l,üèÄ Basketball Pick Up Game / Open Run @ Devconnect üá¶üá∑,rffk4ti8,2025-11-15T11:30:00.000Z,2025-11-15T15:00:00.000Z,Europe/London,offline,independent,public,286,286,true,false,Personal,cal-qCAoZLi1tBnXULy,Buenos Aires,Ciudad Aut√≥noma de Buenos Aires,Argentina,"Polideportivo Colegiales, Cap. Gral. Ram√≥n Freire 120, C1426AVD Cdad. Aut√≥noma de Buenos Aires, Argentina",-34.5801138,-58.4443821,https://images.unsplash.com/photo-1555356109-872a9d903d5a?crop=entropy&cs=tinysrgb&fit=max&fm=jpg&ixid=M3wxMjQyMjF8MHwxfHNlYXJjaHw1M3x8TkJBfGVufDB8fHx8MTc1ODIxNjM4MXwy&ixlib=rb-4.1.0&q=80&w=1080,"[""Team Otonomos"",""Koups"",""Lindsay Poss"",""Pat from Relay"",""Penguin The Traveler""]","[""usr-rBnDH4c6zrpSnHN"",""usr-wUEHBflG6gHLOd3"",""usr-h6Q63WFJX9OL6rQ"",""usr-15TAY1cNSFdI69Q"",""usr-DAXIl3bEqjBmQvy""]",
evt-T7H30gqSLtWwRF8,"Web3 Marketing Hackathon| Sponsored by Polkadot, Claimr + more!",ao22j14s,2025-11-15T13:00:00.000Z,2025-11-16T13:00:00.000Z,America/Buenos_Aires,offline,independent,public,447,447,false,true,Personal,cal-eB5WdUWSmo9IXfH,Buenos Aires,Ciudad Aut√≥noma de Buenos Aires,Argentina,"Bubble Studio, C1416CJK, Cucha Cucha 1661, C1416 Cdad. Aut√≥noma de Buenos Aires, Argentina",-34.6038715,-58.454834399999996,https://images.lumacdn.com/event-covers/w5/29b59f04-1dcc-4182-aeb8-a65652ea42f0.png,"[""Web3 Marketing Hackathon"",""Ksenia Shokina"",""Maya Dentzel"",""Alexandra Nicorici"",""Techtonic Marketing""]","[""usr-aGeVbg3aD42kBcK"",""usr-2ZKi2pGo8kPyDAq"",""usr-iRmkpKqaI32GrzD"",""usr-iqmoAVHH55ZHdDP"",""usr-GfRBRRyFMaIdLWR""]",
evt-oDPXxNP8eufH45m,Governance Day Devconnect BA 2025 (Day 1: Main),vptrr29t,2025-11-15T13:30:00.000Z,2025-11-15T21:00:00.000Z,America/Buenos_Aires,offline,independent,public,1003,1003,false,true,SEED,cal-hMsQuTF1CiEiKRh,Buenos Aires,Ciudad Aut√≥noma de Buenos Aires,Argentina,"UCA Santa Mar√≠a de los Buenos Aires, Av. Alicia Moreau de Justo 1300, C1107AFB Cdad. Aut√≥noma de Buenos Aires, Argentina",-34.613644199999996,-58.365790600000004,https://images.lumacdn.com/event-covers/2m/5d8ac30e-a76f-4bc7-a91e-0f64c9600508.png,"[""SEED Latam"",""Mate | SEED Gov"",""Varit Ruangsiri | Curia Lab"",""Eugene Levanthal"",""danimim.eth | blockful"",""Caro | SEED Gov""]","[""usr-m9gfslb2SdN475s"",""usr-JI02zRFfLE7EhcT"",""usr-1bCgB1aTWUDPf82"",""usr-fpQxB1Xu7qi79Yx"",""usr-U9X2GlOFaG2KCPK"",""usr-0qYlkVIl6J0K3Aa""]",We're a collective driving decentralized solutions for global challenges within the blockchain space.
evt-vFxK7zogE4Fk9U4,DevRel Brunch with DevRel Uni ü•ë,devrelbrunchBA,2025-11-15T14:00:00.000Z,2025-11-15T17:00:00.000Z,America/Buenos_Aires,offline,independent,public,517,517,false,true,WebZero,cal-CDA4MXtfrYvu7GN,Buenos Aires,Ciudad Aut√≥noma de Buenos Aires,Argentina,"Bubble Studio, C1416CJK, Cucha Cucha 1661, C1416 Cdad. Aut√≥noma de Buenos Aires, Argentina",-34.6038715,-58.454834399999996,https://images.lumacdn.com/event-covers/3h/13370db7-1609-4184-b7a5-a2f4fd6a6acc.png,"[""Devrel Uni""]","[""usr-NegJZWDntmQFEk9""]",Authentic world wide web3
evt-E8OElEFzxIfyaZ6,Web3 for GenZ Meetup,web3genz,2025-11-15T14:00:00.000Z,2025-11-15T17:00:00.000Z,America/Buenos_Aires,offline,independent,public,0,0,false,true,WebZero,cal-CDA4MXtfrYvu7GN,C1416CLN,Ciudad Aut√≥noma de Buenos Aires,Argentina,"Bubble Studios, Main Entrance, Dr. Nicol√°s Repetto 1728, C1416CLN C1416CLN, Cdad. Aut√≥noma de Buenos Aires, Argentina",-34.6034201,-58.453971599999996,https://images.lumacdn.com/event-covers/hc/2aca35a0-60fb-456e-9254-44341fa70e1e.jpg,"[""Adri√°n Sancho"",""Polkadot"",""Lorena Fabris""]","[""usr-CYQDfdhB5MDkVF0"",""usr-G1N3rjrGi2R5piM"",""usr-BMhhJx1HXXmVQRW""]",Authentic world wide web3
evt-zXWC6fBEPH6j4wU,Vibe Coding Buenos Aires: building with AI,i3y19erd,2025-11-15T16:00:00.000Z,2025-11-15T20:00:00.000Z,America/Buenos_Aires,offline,independent,public,459,459,true,false,Yaru,cal-3Bkj3QYYxZESYlX,Buenos Aires,Ciudad Aut√≥noma de Buenos Aires,Argentina,"Bubble Studio, C1416CJK, Cucha Cucha 1661, C1416 Cdad. Aut√≥noma de Buenos Aires, Argentina",-34.6038715,-58.454834399999996,https://images.lumacdn.com/event-covers/rw/be200423-9ff5-4fb8-8bd2-94451a02512c.png,"[""Robert de Groot"",""Kittisak Sachdev""]","[""usr-cvUtlbNNVvco1bS"",""usr-aHVFtoPoy7vEQNQ""]",Onboarding 100M next-gen creators to web3.
evt-PA7MLcmPFL1H695,Cardano Tech Summit LATAM Buenos Aires,erji8zqz,2025-11-15T17:00:00.000Z,2025-11-16T01:00:00.000Z,America/Buenos_Aires,offline,independent,public,580,660,false,true,Personal,cal-nDZS0LQ8PJmXJAU,Buenos Aires,Ciudad Aut√≥noma de Buenos Aires,Argentina,"Pabell√≥n Cero + Infinito, Acceso Pabell√≥n 1, C1428 Cdad. Aut√≥noma de Buenos Aires, Argentina",-34.5439742,-58.4403299,https://images.lumacdn.com/event-covers/56/51beefc1-044c-42aa-b12b-afd71419b0bd.jpg,"[""ADA Solar"",""kehua Yang""]","[""usr-kzTU48XcZxuyXOJ"",""usr-gSG7gtP6v7T5jXB""]",
evt-HrX4PBm7ef5s4lz,Counter-Strike Arena with No Limit Games & Nova Shots,novashotsBA,2025-11-15T19:30:00.000Z,2025-11-15T21:00:00.000Z,America/Buenos_Aires,offline,independent,public,0,0,false,true,WebZero,cal-CDA4MXtfrYvu7GN,C1416CLN,Ciudad Aut√≥noma de Buenos Aires,Argentina,"Bubble Studios, Main Entrance, Dr. Nicol√°s Repetto 1728, C1416CLN C1416CLN, Cdad. Aut√≥noma de Buenos Aires, Argentina",-34.6034201,-58.453971599999996,https://images.lumacdn.com/event-covers/kz/40711b33-9681-4cd2-a5a9-dc0e79c497ec.png,"[""WebZero Events"",""Leemo"",""Demi√°n Cantarelli"",""Karot"",""Polkadot""]","[""usr-UTb9QY13cxXbMpV"",""usr-eY7ZENJZCGb1rOq"",""usr-pLlFfjJ8AeKEnZU"",""usr-uwc1QB5zEa5wBg8"",""usr-G1N3rjrGi2R5piM""]",Authentic world wide web3
evt-qDxYQlU0pMX5wfp,[Arkiv] Sundowner,arkivsundowner,2025-11-15T21:00:00.000Z,2025-11-16T01:00:00.000Z,America/Argentina/Buenos_Aires,offline,independent,public,0,0,false,true,WebZero,cal-CDA4MXtfrYvu7GN,C1416CLN,Ciudad Aut√≥noma de Buenos Aires,Argentina,"Bubble Studios, Main Entrance, Dr. Nicol√°s Repetto 1728, C1416CLN C1416CLN, Cdad. Aut√≥noma de Buenos Aires, Argentina",-34.6034201,-58.4539716,https://images.lumacdn.com/event-covers/tw/ae10d3c2-6749-407d-8e5e-8f286decca6a.jpg,"[""Arkiv Network"",""Marcos Miranda""]","[""usr-z1QRhj4XbjdFENi"",""usr-cai9lc20duZHIkw""]",Authentic world wide web3
evt-1ji0kroGXvg0bWg,Build Buddies Hanoi,ykgs59bt,2025-11-16T02:00:00.000Z,2025-11-16T05:00:00.000Z,Asia/Saigon,offline,independent,public,212,212,true,false,New calender,cal-VFw6EZpo5No6Env,ƒê·ªëng ƒêa,H√† N·ªôi,Vietnam,"Aventus Coffee L√°ng H·∫°, 50 P. L√°ng H·∫°, L√°ng H·∫°, ƒê·ªëng ƒêa, H√† N·ªôi 100000, Vietnam",21.013088099999997,105.8124105,https://images.lumacdn.com/event-covers/xq/a7258667-2ce9-40b2-83f1-6c009bcced47.png,"[""Meta Pool"",""Gem"",""Build Buddies"",""The Lio""]","[""usr-7zhp39s8wGuEgxr"",""usr-AIfBgwlielRGVoa"",""usr-xsY6OGwTtrqpP8B"",""usr-aVE9jBtXh8vmHNg""]",
evt-yG8wi8Jjw5ec6de,Ethereum Cypherpunk Congress #2,u2sw5kpv,2025-11-16T12:00:00.000Z,2025-11-16T22:00:00.000Z,America/Buenos_Aires,offline,independent,public,2952,2952,true,false,Web3Privacy Now Events,cal-WJeK56sraztsiIa,C1427CXU,Ciudad Aut√≥noma de Buenos Aires,Argentina,"DESEO CLUB, Av. Chorroar√≠n 1040, C1427CXU C1427CXU, Cdad. Aut√≥noma de Buenos Aires, Argentina",-34.58446370000001,-58.469846399999994,https://images.lumacdn.com/event-covers/70/681599ec-9820-434b-9d4b-7eb0c184f69e.png,"[""Mykola x Web3Privacy now"",""PG_CDG | Web3Privacy Now"",""Robert de Groot"",""Lucila""]","[""usr-kdyQtaqVtK7kcH8"",""usr-efWbCyRDQ88bb14"",""usr-tLDuE0iQ6biLzOO"",""usr-DwQwFjLs0Ip4WzA""]","Research project & community about privacy in Web3 industry
(web3privacy.info)

All events: https://web3privacy.info/events"
evt-bgrJNihxoL81AcW,The Web3 Marketing Church,3d5a7yef,2025-11-16T13:00:00.000Z,2025-11-16T20:30:00.000Z,America/Buenos_Aires,offline,independent,public,556,556,false,true,Personal,cal-eB5WdUWSmo9IXfH,Buenos Aires,Ciudad Aut√≥noma de Buenos Aires,Argentina,"Bubble Studio, C1416CJK, Cucha Cucha 1661, C1416 Cdad. Aut√≥noma de Buenos Aires, Argentina",-34.6038715,-58.454834399999996,https://images.lumacdn.com/event-covers/lx/120ead12-4813-42fc-ab37-b99d84db15e6.png,"[""Web3 Marketing Hackathon"",""Ksenia Shokina"",""Maya Dentzel"",""Alexandra Nicorici"",""Techtonic Marketing""]","[""usr-aGeVbg3aD42kBcK"",""usr-2ZKi2pGo8kPyDAq"",""usr-iRmkpKqaI32GrzD"",""usr-iqmoAVHH55ZHdDP"",""usr-GfRBRRyFMaIdLWR""]",
evt-u0ltMXMLcJJuUGe,Yoga on the roof üßò‚Äç‚ôÄÔ∏è,yogaontheroof,2025-11-16T13:00:00.000Z,2025-11-16T14:30:00.000Z,America/Buenos_Aires,offline,independent,public,0,0,false,true,WebZero,cal-CDA4MXtfrYvu7GN,Buenos Aires,Ciudad Aut√≥noma de Buenos Aires,Argentina,"Bubble Studio, C1416CJK, Cucha Cucha 1661, C1416 Cdad. Aut√≥noma de Buenos Aires, Argentina",-34.6038715,-58.454834399999996,https://images.lumacdn.com/event-covers/fu/f193d1f3-7e78-42e8-bdbd-5bfe4a2faf5a.png,"[""Polkadot Blockchain Academy""]","[""usr-fUHOqkZ9bEAPIS4""]",Authentic world wide web3
evt-9ZeSzHsrA6Oeuop,Yield Innovation Summit,Yield-Innovation-Summit,2025-11-16T14:00:00.000Z,2025-11-16T21:00:00.000Z,America/Buenos_Aires,offline,independent,public,0,0,false,true,Staking Rewards  | Events,cal-xty3GAcA8bXSCIN,Buenos Aires,Ciudad Aut√≥noma de Buenos Aires,Argentina,"Sheraton Buenos Aires Hotel & Convention Center, San Mart√≠n 1225 1275, C1104 Cdad. Aut√≥noma de Buenos Aires, Argentina",-34.5930606,-58.372430900000005,https://images.lumacdn.com/event-covers/oi/55cd57a0-31cc-47aa-8eea-e5eb78bbab95.png,"[""Staking Rewards""]","[""usr-ieHpWMNu0WQGmzd""]","The world's best on-chain yield events. Connecting yield, networks, and capital."
evt-nxODIaanoMJYLfZ,Stacks: Meat & Greet,33njh9hz,2025-11-16T14:00:00.000Z,2025-11-16T19:00:00.000Z,America/Buenos_Aires,offline,independent,public,1116,1116,true,false,Personal,cal-oq2dropmWy1tpZX,Buenos Aires,Ciudad Aut√≥noma de Buenos Aires,Argentina,"Galp√≥n Palermo, Gorriti 5417, C1414BKA Cdad. Aut√≥noma de Buenos Aires, Argentina",-34.5866691,-58.434676200000006,https://images.lumacdn.com/event-covers/bg/462d3d9a-2905-42e7-84e2-63633368d440.png,"[""Stacks Labs""]","[""usr-8o2F6E11tKBWTIT""]",
evt-CbzDSQXwfEL8suf,Open AGI Summit Devconnect,1p2sv719,2025-11-16T15:00:00.000Z,2025-11-16T22:00:00.000Z,America/Buenos_Aires,offline,independent,public,735,735,false,true,Open AGI Events,cal-gPO2uYOxgEZQoNJ,Buenos Aires,Ciudad Aut√≥noma de Buenos Aires,Argentina,"u.house, Aguirre 1410, C1414 Cdad. Aut√≥noma de Buenos Aires, Argentina",-34.5896658,-58.4436104,https://images.lumacdn.com/event-covers/zb/c1230df9-d878-4d6f-bb5e-9a36723b9187.png,"[""Sentient Foundation""]","[""usr-alyw4cuD0jxrBOi""]","Aligning AI Innovations Toward a Community-Built Open AGI. 
"
evt-57DybtbUnnEG5H0,Uniswap Cup,29afvkpj,2025-11-16T16:00:00.000Z,2025-11-16T22:00:00.000Z,America/Buenos_Aires,offline,independent,public,994,994,true,false,Personal,cal-SKUHi61c1yrYyei,BRE,Ciudad Aut√≥noma de Buenos Aires,Argentina,"GR√úN FC, Padre Canavery 1351, C1429 BRE, Cdad. Aut√≥noma de Buenos Aires, Argentina",-34.5420185,-58.454804100000004,https://images.lumacdn.com/event-covers/7j/ad7a3da5-ccc6-444a-aac3-ada4e1c88ce9.png,"[""Uniswap Events"",""niko"",""Chase Chapman"",""straith"",""Angela O"",""Bita B"",""Uniswap Foundation""]","[""usr-4KkHhAm2vFJQqI3"",""usr-RkdrkDbWvCfWkHe"",""usr-GdtVmn1151tB9Zd"",""usr-BSsQiPwzeMEJ0Go"",""usr-gD1FBafZ6uErQHO"",""usr-H1CYi2jiYIByBZE"",""usr-BERkEhQ2Wx8TbtH""]",
evt-jcHEUi8ojo9r0A6,Entity Onchain Legal Summit :: Devconnect üá¶üá∑ 2025,8bm7qjc1,2025-11-16T18:30:00.000Z,2025-11-16T23:00:00.000Z,America/Buenos_Aires,offline,independent,public,455,455,true,false,ENTITY,cal-nZpCJ4Nv5VUIJkj,Buenos Aires,Ciudad Aut√≥noma de Buenos Aires,Argentina,"HIT Polo, Av. Dorrego 3550, C1425GAZ Cdad. Aut√≥noma de Buenos Aires, Argentina",-34.5695766,-58.4226981,https://images.lumacdn.com/event-covers/k6/76b537c9-112e-4f40-92db-469d2b9645d0.png,"[""Sam"",""RegistryChain"",""Layer0"",""Powerhouse .inc""]","[""usr-s1iPGzklOrLGKZd"",""usr-CCtzGae4742NCA6"",""usr-8NGwlWLcdH7MVUC"",""usr-OjtowkRt8yRX5mX""]",
evt-3Fc3YKfYdtKOvHX,Pitchoff: sub0 Hack Demoday üî•,pitchoffsub0,2025-11-16T19:00:00.000Z,2025-11-16T21:00:00.000Z,America/Buenos_Aires,offline,independent,public,0,0,false,true,WebZero,cal-CDA4MXtfrYvu7GN,C1416CLN,Ciudad Aut√≥noma de Buenos Aires,Argentina,"Bubble Studios, Main Entrance, Dr. Nicol√°s Repetto 1728, C1416CLN C1416CLN, Cdad. Aut√≥noma de Buenos Aires, Argentina",-34.6034201,-58.453971599999996,https://images.lumacdn.com/event-covers/0m/0b7fa8c2-5f59-4400-943b-1e8d45475b91.jpg,"[""WebZero Events"",""NERDCONF""]","[""usr-UTb9QY13cxXbMpV"",""usr-ptQz5fDiAfyjkEt""]",Authentic world wide web3
evt-pNOeryX5miudcbh,BNB Demo Night: Buenos Aires,h6eoh93w,2025-11-16T20:00:00.000Z,2025-11-17T01:00:00.000Z,America/Buenos_Aires,offline,independent,public,0,0,false,true,BNB Chain,cal-N3nHWPXsuJgxHO7,Buenos Aires,Ciudad Aut√≥noma de Buenos Aires,Argentina,"WeWork Espacio de Oficinas & Coworking, Av. Corrientes 800, C1008 Cdad. Aut√≥noma de Buenos Aires, Argentina",-34.6036651,-58.377891,https://images.lumacdn.com/event-covers/6m/91d0392a-bfca-49f9-a0aa-52fe07d8351c.png,"[""BNB Chain""]","[""usr-ERYfYuciIweS9Zw""]",
evt-u9M18zF7WVzdm1G,The Zama CoFHE Shop,The-Zama-Cofhe-Shop-Devconnect,2025-11-17T10:30:00.000Z,2025-11-21T23:30:00.000Z,America/Buenos_Aires,offline,independent,public,0,0,true,false,The Zama CoFHE Shop ‚Äî DevConnect BA 2025,cal-KyGsDrj77srukGX,Buenos Aires,Ciudad Aut√≥noma de Buenos Aires,Argentina,"Rosedal caf√©, Godoy Cruz 2905, C1425BAC Cdad. Aut√≥noma de Buenos Aires, Argentina",-34.5767989,-58.4232617,https://images.lumacdn.com/event-covers/vr/9391e3a8-dffe-4858-8052-f3cf88ce56bd.png,"[""Zama""]","[""usr-kvNCEbs1KfWFSIZ""]",
evt-eZXZjZ142sYlw6D,Devconnect ARG Event Consulting Sessions by Eventflare X CH3,4hhjbjp3,2025-11-17T12:00:00.000Z,2025-11-22T21:30:00.000Z,America/Buenos_Aires,offline,independent,public,251,251,true,false,Personal,cal-7TPeGFiftHndexm,Buenos Aires,Buenos Aires,Argentina,"Buenos Aires, Argentina",-34.6036739,-58.3821215,https://images.lumacdn.com/event-covers/ij/f10eb6fc-2b98-4440-81d8-9bb3998714e8.jpg,"[""Eventflare"",""Ch3""]","[""usr-tZCJWBpr6UqdNtd"",""usr-MZ2SOmI2aQby81l""]",
evt-jzVZYBY3YnFDiPW,Rootstock Still Early Caf√©,adlrxvj9,2025-11-17T12:00:00.000Z,2025-11-22T18:00:00.000Z,America/Buenos_Aires,offline,independent,public,344,344,true,false,Rootstock,cal-TkqioSidTcht8Ir,C1425BCA,Ciudad Aut√≥noma de Buenos Aires,Argentina,"Kopi Caf√©, Beruti 3897, C1425BCA C1425BCA, Cdad. Aut√≥noma de Buenos Aires, Argentina",-34.583214999999996,-58.4153862,https://images.lumacdn.com/event-covers/ez/7d2670bf-d70b-4608-9170-cdf9c5d7de4c.png,"[""Rootstock""]","[""usr-qCTAaZ8rtydOyN4""]",
evt-bOv6WKTbB66zhSz,Aztec @Devconnect 2025,heydpbsj,2025-11-17T13:00:00.000Z,2025-11-21T20:00:00.000Z,America/Argentina/Buenos_Aires,offline,independent,public,668,668,true,false,Aztec Events,cal-kkW6hDI0GVpFlDt,,,,,,,https://images.lumacdn.com/event-covers/s5/43ef1671-3e6c-4292-90f3-877fcc4f2dd9.png,"[""Aztec"",""Sona Khunti""]","[""usr-K4kCN9Gc5KVqrqS"",""usr-pTxTqGpxNi8Cyfm""]","Building the first privacy network on Ethereum. Designed for secure and private transactions, powered by Noir."
evt-rLlA74N4Mx9QEf3,"DevConnect Breakfast w/ STXN, Tectonic, Alphaledger and more",0al6aj9n,2025-11-17T13:00:00.000Z,2025-11-17T15:00:00.000Z,America/Buenos_Aires,offline,independent,public,0,0,true,false,Personal,cal-lWNQWCPIYLCZHdr,Buenos Aires,Ciudad Aut√≥noma de Buenos Aires,Argentina,"Nicaragua 4604, C1414BVH Cdad. Aut√≥noma de Buenos Aires, Argentina",-34.588072499999996,-58.4255003,https://images.lumacdn.com/event-covers/js/da86cadb-ceca-466c-9d82-5e4e885b6397.png,"[""Min H. Kim (TG: @therealminkim)"",""Dion Guillaume"",""Sadoy K. Das"",""Manish Dutta"",""Maria Suarez"",""Isaiah Soto"",""Halborn""]","[""usr-Nd9EmfIGIgDQQRv"",""usr-PYZgf3hrSZVCSRZ"",""usr-eOjwv2XDg6iIElA"",""usr-f7W9Vd9f6gLfcPU"",""usr-g0dOUh3NkbdCrHy"",""usr-CCRfq9OEqhY3BMe"",""usr-GbqBn5g7sSnXUQu""]",
evt-N6bkwrgNGGYm8j3,EASYCON Buenos Aires üá¶üá∑,EASYCONBuenosAires,2025-11-17T13:00:00.000Z,2025-11-17T18:00:00.000Z,America/Buenos_Aires,offline,independent,public,679,679,true,false,CoinEasy,cal-Z3JjGmsyKaSW2u7,Buenos Aires,Ciudad Aut√≥noma de Buenos Aires,Argentina,"Hobby - Caf√© de Especialidad, Guevara 91, C1427 Cdad. Aut√≥noma de Buenos Aires, Argentina",-34.5881719,-58.446989599999995,https://images.lumacdn.com/event-covers/if/8db7c862-53db-4fb4-bd11-1bedb1d57086.jpg,"[""CoinEasy"",""AKINDO""]","[""usr-P6ImAppVaVuqRbU"",""usr-OT1GrpFLYLu1Nqf""]",üåê Your all-in-one üá∞üá∑ Korean Web3 hub | Simplifying Web3 for Web2 üîó | Crypto education & Web3 community üåç‚ú® | Helping enter the Korean market üöÄ ÌÅ¨Î¶ΩÌÜ† ÏâΩÍ≤å Î∞∞Ïö∞Ïûê! https://linktr.ee/CoinEasy
evt-T5dBhj9rkNhmebi,"GM Builders ‚òïüá¶üá∑  EASYCON, Builder's Club edition - Powered by Flare Network",6bbsd25e,2025-11-17T13:00:00.000Z,2025-11-17T17:00:00.000Z,America/Buenos_Aires,offline,independent,public,593,593,false,true,Personal,cal-XB5IH9ZithKxTJI,Buenos Aires,Ciudad Aut√≥noma de Buenos Aires,Argentina,"Hobby - Caf√© de Especialidad, Malabia 1343, C1425 Cdad. Aut√≥noma de Buenos Aires, Argentina",-34.592683,-58.4296888,https://images.lumacdn.com/event-covers/y5/c369b6a2-7860-4468-9833-46a32480f4fc.png,"[""The Builder's Club""]","[""usr-okGs6Ja8wxGDsAM""]",
evt-K3Tjv3A2VrZ9P2I,Web3 Founders Brunch & VIP Mixer by KangaStarter,7wt6devd,2025-11-17T13:00:00.000Z,2025-11-17T16:00:00.000Z,America/Buenos_Aires,offline,independent,public,139,139,false,true,Personal,cal-OI39UsLrOA9c5LZ,Buenos Aires,Ciudad Aut√≥noma de Buenos Aires,Argentina,"DHAM, Av. Sta. Fe 3902, C1425 Cdad. Aut√≥noma de Buenos Aires, Argentina",-34.5836051,-58.4185036,https://images.lumacdn.com/event-covers/86/b5aa92d7-a239-4bbf-991e-5745cb7d19cd.jpg,"[""KANGA EVENTS""]","[""usr-LxAb6HuP6qmkJwi""]",
evt-dFoG7Xu4pz4iQsg,üá¶üá∑ Agents Day | Devconnect,agentsday-argentina,2025-11-17T13:15:00.000Z,2025-11-17T21:00:00.000Z,America/Buenos_Aires,offline,independent,public,1256,1256,false,true,Epic Web3,cal-v7Zqk62aCqmu3nH,Buenos Aires,Ciudad Aut√≥noma de Buenos Aires,Argentina,"Innovation Lab Buenos Aires & La Maquinita Co., Cnel. Niceto Vega 4866, C1414 Cdad. Aut√≥noma de Buenos Aires, Argentina",-34.5919835,-58.43233949999999,https://images.lumacdn.com/event-covers/7a/a061f728-cada-4322-84f4-5459a96bde81.gif,"[""Epic Web3""]","[""usr-lrHnLARDJtoWJ3a""]",
evt-PlSh3pRJQr2UVmo,1-on-1 Strategy Session: Market Maker Deep Dive for Web3 Founders,ehbs1p70,2025-11-17T14:30:00.000Z,2025-11-17T15:30:00.000Z,Europe/Madrid,unknown,independent,public,64,64,false,true,Fibonacci Capital,cal-FXx7TuzS8MujWRd,,,,,,,https://images.lumacdn.com/event-covers/oy/ee4ebce9-c750-4242-9672-334c799b4045.png,"[""Fibonacci Capital""]","[""usr-Bcl4XNz0lTwjiYF""]",
evt-Q9RgecDh9h6Ftkn,Forum: Consumer Payments ‚îÇ Monad Foundation x Bitso Business @ Devconnect,forum-consumer-payments-devconnect-2025,2025-11-17T15:00:00.000Z,2025-11-17T19:30:00.000Z,America/Buenos_Aires,offline,independent,public,0,0,false,true,Monad Foundation Events,cal-iRYNvJr9vGv1QhH,Buenos Aires,Ciudad Aut√≥noma de Buenos Aires,Argentina,"La Escondida de Palermo, Av. de los Omb√∫es 32, C1425 Cdad. Aut√≥noma de Buenos Aires, Argentina",-34.557838,-58.423157599999996,https://images.lumacdn.com/event-covers/ca/1d34aa7c-f929-4b9e-8317-d5777252afb7.jpg,"[""Espacio Cripto"",""Monad Foundation""]","[""usr-tUfEThaKsFraBGD"",""usr-mQMK6XfWDqWgxOI""]",
evt-A8pKZ4Dv74Y88zn,Flows. The Orchestration Lounge Devconnect Argentina,15zblyhi,2025-11-17T19:00:00.000Z,2025-11-17T23:00:00.000Z,America/Buenos_Aires,offline,independent,public,0,0,false,true,Agoric Events,cal-lfzpNQHoUBJnue8,Buenos Aires,Ciudad Aut√≥noma de Buenos Aires,Argentina,"La Pour House, Gorriti 5121, C1414 Cdad. Aut√≥noma de Buenos Aires, Argentina",-34.5885554,-58.432379499999996,https://images.lumacdn.com/event-covers/p5/0614a6e5-fc44-4ed7-939d-6afdb14358af.png,"[""Iulia Mihailescu"",""Anthony Mandelli "",""Niv Aviram""]","[""usr-G7ZvV5WFqeoHo8v"",""usr-OHKsGbjs1qAPIqU"",""usr-YGmx7XjufVtld17""]","The official calendar for Agoric meetups, workshops, and conferences."
evt-xDbk4S6dcalDxgB,Meet Monad @ Devconnect,meet-monad-devconnect-2025,2025-11-17T20:00:00.000Z,2025-11-17T23:00:00.000Z,America/Buenos_Aires,offline,independent,public,0,0,false,true,Monad Foundation Events,cal-iRYNvJr9vGv1QhH,Buenos Aires,Ciudad Aut√≥noma de Buenos Aires,Argentina,"La Escondida de Palermo, Av. de los Omb√∫es 32, C1425 Cdad. Aut√≥noma de Buenos Aires, Argentina",-34.557838,-58.423157599999996,https://images.lumacdn.com/event-covers/m5/b4c4e35e-0b6d-40d7-ba20-83eba46a9838.jpg,"[""Espacio Cripto"",""Monad Foundation""]","[""usr-tUfEThaKsFraBGD"",""usr-mQMK6XfWDqWgxOI""]",
evt-fqGrKt9CzhkRk0U,"Builder Nights BA üá¶üá∑  | Presented by MetaMask ü¶ä & Frens - Linea, Etherex, Eigen, Chainlink, DIN, Ledger, P2P, Wormhole, Brevis & more",bnbuenoaires,2025-11-17T21:00:00.000Z,2025-11-18T02:00:00.000Z,America/Buenos_Aires,offline,independent,public,0,0,false,true,Personal,cal-audYA24RHlUsV9T,Buenos Aires,Ciudad Aut√≥noma de Buenos Aires,Argentina,"Parque de Innovaci√≥n, Av. Guillermo Udaondo 1003-1133, C1428, C1429 Cdad. Aut√≥noma de Buenos Aires, Argentina",-34.5447406,-58.4528393,https://images.lumacdn.com/event-covers/v4/99190812-e67b-46fd-87f7-462c377dc03d.png,"[""Francesco Andreoli ü¶ä"",""Consensys""]","[""usr-v3CiQhXyAU2nIRM"",""usr-HA7ICLfN9JteFk9""]",
evt-HthpI88C4fVoznc,The Zama World's Fair,the-zama-worlds-fair,2025-11-17T21:00:00.000Z,2025-11-18T02:00:00.000Z,America/Buenos_Aires,offline,independent,public,0,0,true,false,Zama,cal-Es0CFVGy76wk59w,Buenos Aires,Ciudad Aut√≥noma de Buenos Aires,Argentina,"Casa Futuro, C. Andres Bello 5950, C1426 Cdad. Aut√≥noma de Buenos Aires, Argentina",-34.558661799999996,-58.4306319,https://images.lumacdn.com/event-covers/z4/ca9c693b-8a51-4c2e-a5db-dd3ba511c9f1.png,"[""Zama""]","[""usr-kvNCEbs1KfWFSIZ""]",Zama is an open source cryptography company building state-of-the-art Fully Homomorphic Encryption (FHE) solutions for blockchain.
evt-R0hXoUhE2zq9AnN,EMpower by Lisk & Crecimiento: Startup World Cup Night @ Devcon üá¶üá∑,zdq1c8m5,2025-11-17T21:30:00.000Z,2025-11-18T01:00:00.000Z,America/Buenos_Aires,offline,independent,public,168,168,false,true,Personal,cal-1sWtRVcKkumO4cu,C1426DGG,Ciudad Aut√≥noma de Buenos Aires,Argentina,"Aleph Hub, Concepci√≥n Arenal 2989, C1426DGG C1426DGG, Cdad. Aut√≥noma de Buenos Aires, Argentina",-34.579064699999996,-58.4426517,https://images.lumacdn.com/event-covers/6f/5f5eca71-3b08-4ecf-8ca3-5c1784ad6fef.png,"[""Alexis | Lisk"",""SantiagoDevRel"",""Crecimiento""]","[""usr-eYvEMCmAfpDrm4d"",""usr-jik99Ryks22lzdD"",""usr-hvnwOlMx5Z2iDks""]",
evt-upjUacp5HEUqolU,Ronin Empanada & Beer Hangout @DevConnect,kf7bofzc,2025-11-17T23:00:00.000Z,2025-11-18T03:00:00.000Z,America/Buenos_Aires,offline,independent,public,588,588,true,false,Ronin Events,cal-L275GkPo0zsmkn5,Buenos Aires,Ciudad Aut√≥noma de Buenos Aires,Argentina,"Temple Barrio Chino, Echeverr√≠a 1664, C1428 Cdad. Aut√≥noma de Buenos Aires, Argentina",-34.558925599999995,-58.44904390000001,https://images.lumacdn.com/event-covers/dh/0e6cc5ae-3988-4e85-8862-e549fc622bdd.png,"[""Ronin""]","[""usr-CUm4iXorg2oydrC""]",
evt-wW9HD24h35UtET0,Sing-Off DevConnect: Karaoke & DeFi,l37p21m1,2025-11-17T23:30:00.000Z,2025-11-18T03:00:00.000Z,America/Buenos_Aires,offline,independent,public,0,0,false,true,Textile Credit,cal-EiLACgnfq0b5GEU,Buenos Aires,Ciudad Aut√≥noma de Buenos Aires,Argentina,"La Uat, Thames 1627, C1425 Cdad. Aut√≥noma de Buenos Aires, Argentina",-34.5878906,-58.430678799999995,https://images.lumacdn.com/event-covers/e1/eebec93c-73a3-4099-8003-a12e965b43a5.png,"[""Tomer B"",""Gabriela Garcia""]","[""usr-dszRQqHSklG1fee"",""usr-mud2PTOc9FH4SYw""]","The protocol turning private credit into liquid, programmable markets."
evt-HDDNEmeNhEKGu34,üèÉ  Run with blockful & LitCollective | Devconnect 2025,d6g02uif,2025-11-18T10:30:00.000Z,2025-11-18T11:30:00.000Z,America/Buenos_Aires,offline,independent,public,379,379,true,false,blockful Events,cal-cTnz7nXVDe4Mvkk,Buenos Aires,Buenos Aires,Argentina,"Palermo, Buenos Aires, Argentina",-34.5780655,-58.4265317,https://images.lumacdn.com/event-covers/92/d13b1919-5fa1-4300-8fd1-38898ba3ff16.png,"[""danimim.eth | blockful"",""Francine Cabral | blockful"",""Cec√≠lia Veloso"",""Vitoria Santos""]","[""usr-U9X2GlOFaG2KCPK"",""usr-q8Y0JYfHqrRmP4B"",""usr-QtLA5raFV8x3ES7"",""usr-oOjEbuS07PbtB6C""]",
evt-wZOExJDcCmVaX7J,A.M Run Club,zdafjkql,2025-11-18T11:00:00.000Z,2025-11-18T13:00:00.000Z,America/Buenos_Aires,offline,independent,public,128,128,true,false,Rootstock,cal-TkqioSidTcht8Ir,C1425BCA,Ciudad Aut√≥noma de Buenos Aires,Argentina,"Kopi Caf√©, Beruti 3897, C1425BCA C1425BCA, Cdad. Aut√≥noma de Buenos Aires, Argentina",-34.583214999999996,-58.4153862,https://images.lumacdn.com/event-covers/6l/18aaeef7-a975-488b-9828-ca8d51e2ed3e.png,"[""Rootstock""]","[""usr-qCTAaZ8rtydOyN4""]",
evt-ZRNLlhHUYtNZEO9,Rootstock BTCfi Day,8ard84a8,2025-11-18T12:00:00.000Z,2025-11-18T20:30:00.000Z,America/Buenos_Aires,offline,independent,public,168,168,true,false,Rootstock,cal-TkqioSidTcht8Ir,C1425BCA,Ciudad Aut√≥noma de Buenos Aires,Argentina,"Kopi Caf√©, Beruti 3897, C1425BCA C1425BCA, Cdad. Aut√≥noma de Buenos Aires, Argentina",-34.583214999999996,-58.4153862,https://images.lumacdn.com/event-covers/qp/226d695d-ce6b-493a-9d99-b0fede5721df.png,"[""Rootstock""]","[""usr-qCTAaZ8rtydOyN4""]",
evt-PYmnl1HOEIe6nP3,Sovereign Day Buenos Aires - Hosted by Cosmos & Interop Ventures,n1fs6f7r,2025-11-18T12:00:00.000Z,2025-11-18T22:00:00.000Z,America/Buenos_Aires,offline,independent,public,616,616,false,true,Interop Ventures,cal-kqynOdv8BWtvZRa,Buenos Aires,Ciudad Aut√≥noma de Buenos Aires,Argentina,"Malloy's Costanera, Acceso Punta Carrasco, Cdad. Aut√≥noma de Buenos Aires, Argentina",-34.565304,-58.40147479999999,https://images.lumacdn.com/event-covers/zs/7bfea3a5-4414-466e-a999-fa3ebd8b184b.jpg,"[""Sebastien Couture"",""Cosmos"",""Mary McGilvray""]","[""usr-nSmnFUkJOibFqhI"",""usr-NA0mjxHuysZEtT7"",""usr-QKzZdUtVnDwDaQS""]",Interop Ventures is an early-stage venture fund investing in the Interchain economy.
evt-HdkCsLAKCky1TnK,The Meeting Spot | World x Nethermind at Devconnect Buenos Aires,v0kenmdv,2025-11-18T12:00:00.000Z,2025-11-18T21:00:00.000Z,America/Buenos_Aires,offline,independent,public,0,0,false,true,Personal,cal-lE2Cvku21TkuTzV,Buenos Aires,Ciudad Aut√≥noma de Buenos Aires,Argentina,"Charcas 4309, C1425BNK Cdad. Aut√≥noma de Buenos Aires, Argentina",-34.583471599999996,-58.4231544,https://images.lumacdn.com/event-covers/l7/f9f37173-6f0d-4668-98a8-20eedd5cc048.png,"[""Nethermind"",""World Foundation""]","[""usr-OGG81KCxsj70s0k"",""usr-znHXycptWPq6Z9V""]",
evt-9ryZ2GCYGUa75GU,Multichain Day | Devconnect 2025,multichaindaydevconnect,2025-11-18T12:30:00.000Z,2025-11-18T21:30:00.000Z,America/Buenos_Aires,offline,independent,public,1533,1533,true,true,Wrapped,cal-vkKq0gtxIumBf2p,Buenos Aires,Ciudad Aut√≥noma de Buenos Aires,Argentina,"Palais Rouge, Jer√≥nimo Salguero 1441, C1177AFA Cdad. Aut√≥noma de Buenos Aires, Argentina",-34.5935051,-58.418098799999996,https://images.lumacdn.com/event-covers/v2/ccac799f-eca8-49d1-a909-62b5a10bc9e7.jpg,"[""Marc Rose"",""Oliver Sabiston"",""Kerry de Jong"",""Aptos"",""BOS Events"",""Kim Fournier"",""Archana B"",""Flare"",""Pyth Network"",""Supra"",""Walrus"",""Aurora Labs"",""TBC"",""Brandon S. | Flipside"",null,""Hathor Network"",""Nexus"",""Stacks Labs"",""0G Foundation"",""0x"",""Arbitrum"",""Boundless"",""VG_ChainPatrol"",""LI.FI"",""Anthony Brodrick"",""Tully nReach (@tullynk)"",""Lindsay Casale""]","[""usr-5lb6Bjl3gesRp5J"",""usr-hoqjjSlxIJBEBEz"",""usr-PfC0ID2PVArhRsQ"",""usr-6zjscSZa9LWHDBA"",""usr-2TXB2QtgvxKww0y"",""usr-P1caW9L6YVj5Q6v"",""usr-NEDCCcB4gUb8g0m"",""usr-oy5XOMShXcutkGb"",""usr-qCl3keKf0iakGhr"",""usr-KjJd1I9mOI0pgcM"",""usr-CQYsMnKoMslrpPP"",""usr-uuSiWIQLEkbbSrD"",""usr-A3zJy3qNsJVOKJ5"",""usr-Bua4vnO3WcMMVlr"",""usr-HIFdug5IkEhwdOt"",""usr-JGby7aPpcftPPO5"",""usr-2jj29T9Qwu8u4ap"",""usr-8o2F6E11tKBWTIT"",""usr-kU3dlC9fzMWLvOE"",""usr-9ADKoYMiBZuALNv"",""usr-Cpvykz3OY73pCqi"",""usr-TGNp3WlDGIT5Ifl"",""usr-PpTdBiQeU0unxF3"",""usr-CVNigW1huMc9hnT"",""usr-ykgQC5EBmfyWqgE"",""usr-zaxLuYpvi9CmsMF"",""usr-zmfz9ok0X2GeRWK""]",We build web3 experiences.
evt-E3CTxSoZtjlzAVU,Builders Brunch - Hosted by Mimic x Dev3Pack,mfgq3hjl,2025-11-18T13:00:00.000Z,2025-11-18T16:00:00.000Z,America/Buenos_Aires,offline,independent,public,225,225,false,true,Personal,cal-kFDpSR47H4bTdjQ,Buenos Aires,Ciudad Aut√≥noma de Buenos Aires,Argentina,"Casa Bulnes, Bulnes 1240, C1425DKH C1425DKH, Bulnes, C1188 Cdad. Aut√≥noma de Buenos Aires, Argentina",-34.5972276,-58.4172765,https://images.lumacdn.com/event-covers/07/75ebc851-34e3-4d2c-b230-b721eb48cf45.png,"[""Mimic Protocol""]","[""usr-iZPKcd7Llsjhdmd""]",
evt-WwA26KwsM47nc2v,DePIN Day Buenos Aires,depin-day-ba,2025-11-18T13:00:00.000Z,2025-11-18T21:00:00.000Z,America/Buenos_Aires,offline,independent,public,680,680,false,true,DePIN Day by Fluence,cal-rebqhsOSYTrwOVH,Buenos Aires,Ciudad Aut√≥noma de Buenos Aires,Argentina,"Artlab, Roseti 93, C1427 Cdad. Aut√≥noma de Buenos Aires, Argentina",-34.586138399999996,-58.4463198,https://images.lumacdn.com/event-covers/0m/fb88e146-93b5-486c-8560-3520de1696b1.png,"[""Fluence"",""Filecoin Foundation""]","[""usr-voJHlWpxSQlB6Lv"",""usr-gg4kgr2WJSdk6UG""]",DePIN Day is a series of conferences happening in different parts of the globe dedicated to exploring the forefront of Decentralized Physical Infrastructure Networks üìå
evt-FVpKSfYCVY3hyIN,"DNA House at Devconnect, Buenos Aires, November 18, 2025.",uexjezx8,2025-11-18T14:00:00.000Z,2025-11-19T01:00:00.000Z,America/Buenos_Aires,offline,independent,public,0,0,false,true,DNA HOUSE,cal-OqSQ3tSRwtQHTSE,Buenos Aires,Ciudad Aut√≥noma de Buenos Aires,Argentina,"El Nido bar & coffee, Costa Rica 5709, C1001 Cdad. Aut√≥noma de Buenos Aires, Argentina",-34.5816721,-58.43577779999999,https://images.lumacdn.com/event-covers/64/5b9c3ff0-ce84-4dd8-9f0c-40dc3b23d0a4.png,"[""DNA""]","[""usr-shPdC8ah84FRBAF""]","DNA is leading the charge to become the next financial powerhouse by integrating Web3, crypto, AI & capital markets."
evt-aWpLdkVI5yDHkgA,"THE LOCAL: A Boozy Brunch for Founders, Funders & Friends",tsup4qo1,2025-11-18T14:00:00.000Z,2025-11-18T17:00:00.000Z,America/Buenos_Aires,offline,independent,public,307,307,false,true,LO:TECH Events,cal-pI0TeC2lUbzZFOW,Buenos Aires,Ciudad Aut√≥noma de Buenos Aires,Argentina,"Cobra, Avenida del Libertador, Av. Coronel Marcelino E. Freyre 3880, C1425 Cdad. Aut√≥noma de Buenos Aires, Argentina",-34.5697932,-58.42087439999999,https://images.lumacdn.com/event-covers/kh/39e86542-6fe5-441f-bc94-5c4bad65737e.png,"[""LO:TECH"",""Stephen Duffy"",""Laurence Lewars""]","[""usr-5GAHmWOXrjAoOCX"",""usr-PbGKe1kolFoDDyE"",""usr-Z9JNiDUtyrRQfRH""]",Honest Liquidity & Honest Pints
evt-UVCYQDcSHCtpkKr,"Bittensor Hacker House at DNA House at Devconnect, Buenos Aires, November 18, 2025.",b5cx67ix,2025-11-18T15:00:00.000Z,2025-11-18T20:00:00.000Z,America/Buenos_Aires,offline,independent,public,0,0,false,true,DNA HOUSE,cal-OqSQ3tSRwtQHTSE,Buenos Aires,Ciudad Aut√≥noma de Buenos Aires,Argentina,"El Nido bar & coffee, Costa Rica 5709, C1001 Cdad. Aut√≥noma de Buenos Aires, Argentina",-34.5816721,-58.43577779999999,https://images.lumacdn.com/event-covers/dy/202c456a-0556-4c20-b1e7-3bc7f698c724.png,"[""DNA""]","[""usr-shPdC8ah84FRBAF""]","DNA is leading the charge to become the next financial powerhouse by integrating Web3, crypto, AI & capital markets."
evt-j4YEubPG7b9SXk7,ZKONNECT,jix04ltq,2025-11-18T16:00:00.000Z,2025-11-18T21:00:00.000Z,America/Argentina/Buenos_Aires,offline,independent,public,814,814,true,false,Personal,cal-LkGynjQFhOoiVxJ,BTN,Ciudad Aut√≥noma de Buenos Aires,Argentina,"CasaSur Palermo Hotel, Buenos Aires AR, Costa Rica 6032, C1414 BTN, Cdad. Aut√≥noma de Buenos Aires, Argentina",-34.5792915,-58.43926469999999,https://images.lumacdn.com/event-covers/xm/52b759c4-6aee-4305-ab0c-04834f2241c2.png,"[""Brevis"",""HoZK""]","[""usr-afUzHH0B7u7VU2N"",""usr-cFgIqHhQmT6jVkc""]",
evt-8EW1762NU1JNXvq,Beyond the Field ‚Äî hosted by Uphold √ó Exa App,gvxksfcp,2025-11-17T22:00:00.000Z,2025-11-18T02:00:00.000Z,America/Buenos_Aires,offline,independent,public,289,289,false,true,Personal,cal-QtLSPHnUyBq95gP,Buenos Aires,Ciudad Aut√≥noma de Buenos Aires,Argentina,"Nomade Polo, Av. Dorrego 3300, C1428 Cdad. Aut√≥noma de Buenos Aires, Argentina",-34.57220290000001,-58.42630689999999,https://images.lumacdn.com/event-covers/l1/a5e49084-43ae-4259-9de7-0ca0b1a89092.png,"[""Uphold"",""Exa App""]","[""usr-U1OSeGDccNYxqZw"",""usr-I2SVdVEEejfVnXk""]",
evt-B6Rac0b0WahTS49,Build XÔºöX Layer Pop-Up @ DevConnect Buenos Aires,BuildX-XLayerPopUpDevConnect,2025-11-18T17:00:00.000Z,2025-11-18T21:00:00.000Z,America/Buenos_Aires,offline,independent,public,0,0,false,true,OKX Web3 Events,cal-0VJA1HbUcWn0aus,Buenos Aires,Ciudad Aut√≥noma de Buenos Aires,Argentina,"Xul Solar Museum, Laprida 1212, C1425EKF Cdad. Aut√≥noma de Buenos Aires, Argentina",-34.594742499999995,-58.407934000000004,https://images.lumacdn.com/event-covers/99/2d8e5cd5-6d7d-4b08-9c74-26b4f229957c.gif,"[""X Layer"",""Supermoon""]","[""usr-uy8zHzIqbNbxkI3"",""usr-aoIAORxGXFM0D6i""]",
evt-48GsEKNkEPm2Ujb,Whitepaper Reading Club: Rootstock and BitVMX,ag2zihf0,2025-11-18T18:30:00.000Z,2025-11-18T20:45:00.000Z,America/Buenos_Aires,offline,independent,public,100,100,false,true,Rootstock,cal-TkqioSidTcht8Ir,C1425BCA,Ciudad Aut√≥noma de Buenos Aires,Argentina,"Kopi Caf√©, Beruti 3897, C1425BCA C1425BCA, Cdad. Aut√≥noma de Buenos Aires, Argentina",-34.583214999999996,-58.4153862,https://images.lumacdn.com/event-covers/4g/59445a27-6227-435f-9710-471d6768de43.png,"[""Rootstock"",""Whitepaper Reading Club"",""Pud W"",""RootstockCollective""]","[""usr-qCTAaZ8rtydOyN4"",""usr-fYWAK3esXl0Tegz"",""usr-tpLcb0FSm0Q5IVr"",""usr-slJEV8awifDe89A""]",
evt-oF5c3MC4CmWJF2K,Building Simplicity: Inside TuCOP & cCOP,id9b5iwl,2025-11-18T19:00:00.000Z,2025-11-18T19:30:00.000Z,America/Buenos_Aires,offline,independent,public,150,150,true,false,TuCOP Calendar,cal-dZ2DySr7DFxKIKW,Buenos Aires,Ciudad Aut√≥noma de Buenos Aires,Argentina,"Ciudad Cultural Konex, Sarmiento 3131, C1196 Cdad. Aut√≥noma de Buenos Aires, Argentina",-34.6065695,-58.4105342,https://images.lumacdn.com/event-covers/5l/1a955c80-d020-4451-9d79-ec6d43f0e1c8.png,"[""TuCOP Finance"",""Celo Colombia"",""Parveena""]","[""usr-EL0rkuDQysWVVoK"",""usr-nM6lAQa4F473nc5"",""usr-WaizSl3vFkDVTRi""]",
evt-WFNiDfBFqV8ZhlT,Somnia @DevCon,8rpvhxqb,2025-11-18T19:30:00.000Z,2025-11-18T23:30:00.000Z,America/Buenos_Aires,offline,independent,public,0,0,false,true,Somnia,cal-ZG1ruOuJTvFIDZz,Buenos Aires,Ciudad Aut√≥noma de Buenos Aires,Argentina,"Goldencenter Eventos, Int. Cantilo y Int. G√ºiraldes s/n, C1128 Cdad. Aut√≥noma de Buenos Aires, Argentina",-34.5486053,-58.4357906,https://images.lumacdn.com/event-covers/lc/57094b5b-2305-4275-bc8c-b0b2c1751086.png,"[""Somnia"",""Amr"",""BackersStage Capital"",""Capvise"",""AKINDO"",""Sablier""]","[""usr-Iq9MRaKRHgQPOo5"",""usr-KfoGN4vaF8NhcK9"",""usr-C3KyDOxmJRoNGvj"",""usr-PEoiKG7W9siyzjD"",""usr-OT1GrpFLYLu1Nqf"",""usr-uzb4HGdHNMR6qZt""]",Somnia is bringing the entire world‚Äôs of data on-chain with the fastest  (+1 M TPS) and most cost-efficient EVM Layer 1 blockchain ever.
evt-JKwK8RVDLq6lbFN,Sui Connect: Buenos Aires,SuiConnectBuenosAires,2025-11-18T19:30:00.000Z,2025-11-19T00:00:00.000Z,America/Buenos_Aires,offline,independent,public,0,0,true,false,Sui,cal-sa6RfGYwSQhgNwe,Buenos Aires,Ciudad Aut√≥noma de Buenos Aires,Argentina,"u.house, Aguirre 1410, C1414 Cdad. Aut√≥noma de Buenos Aires, Argentina",-34.5896658,-58.4436104,https://images.lumacdn.com/event-covers/5x/40521c0d-315e-4587-939c-e1316626db27.png,"[""Sui""]","[""usr-hLRVkA5UfwDB6oq""]","Sui is a first-of-its-kind L1 blockchain and smart contract platform designed to make digital asset ownership fast, private, secure, and accessible to everyone."
evt-mUyM5WobxqUfF7W,Confidential Token Association: Building the Standard for Confidential Onchain Finance,5vcuz2iz,2025-11-18T20:00:00.000Z,2025-11-18T23:00:00.000Z,America/Buenos_Aires,offline,independent,public,372,372,false,true,Personal,cal-UKjhBQFu3xWspjn,Buenos Aires,Ciudad Aut√≥noma de Buenos Aires,Argentina,"Rosedal caf√©, Godoy Cruz 2905, C1425BAC Cdad. Aut√≥noma de Buenos Aires, Argentina",-34.5767989,-58.4232617,https://images.lumacdn.com/event-covers/9n/16843f99-3f28-4b50-ae80-992cadb8d32a.jpg,"[""Genia - Zama"",""Inco"",""OpenZeppelin"",""Angie""]","[""usr-FZUSrQlyONTcyZW"",""usr-OyZ2nAHddgw0pi7"",""usr-UZbA20jIDnjyl3W"",""usr-DtIX8Et6H2JiSiI""]",
evt-aYMCXpU1rkje9t8,zkFriends at Sunset,bigtlk44,2025-11-18T20:00:00.000Z,2025-11-19T00:00:00.000Z,America/Buenos_Aires,offline,independent,public,0,0,true,false,Mina Ecosystem @ Devconnect 2025,cal-M36ua9VeqLa0n8s,Buenos Aires,Ciudad Aut√≥noma de Buenos Aires,Argentina,"Green Parrot Co., Gurruchaga 1509, C1414 Cdad. Aut√≥noma de Buenos Aires, Argentina",-34.5899427,-58.4300066,https://images.lumacdn.com/event-covers/9r/9c44892f-ba0d-4327-95ee-8b05e619e992.png,"[""Mina Protocol"",""HoZK"",""ZkMonk"",""Succinct""]","[""usr-VKN8epqFRGFV1uo"",""usr-cFgIqHhQmT6jVkc"",""usr-9FDDYjzbyeCclwS"",""usr-UAslCWgxBKTii3D""]",
evt-pgBklj1tYPpN8KU,"Builders Gala | Supermoon, OKX @ Devconnect Argentina",u8jhv41q,2025-11-18T22:00:00.000Z,2025-11-19T01:00:00.000Z,America/Buenos_Aires,offline,independent,public,0,0,false,true,Personal,cal-d3fDYhRV6zFurGF,Buenos Aires,Ciudad Aut√≥noma de Buenos Aires,Argentina,"Xul Solar Museum, Laprida 1212, C1425EKF Cdad. Aut√≥noma de Buenos Aires, Argentina",-34.594742499999995,-58.407934000000004,https://images.lumacdn.com/event-covers/98/ea126005-5582-4c89-9576-1637f85e46b0.png,"[""Supermoon"",""Elena Obukhova""]","[""usr-aoIAORxGXFM0D6i"",""usr-vktRNKbrt6HhMQ2""]",
evt-L0R7hoC4mulDqzd,"Compose Lounge by Compose Network, SSV Network & Taiko üç∏",sus66cpk,2025-11-18T22:00:00.000Z,2025-11-19T01:00:00.000Z,America/Buenos_Aires,offline,independent,public,269,269,false,true,Personal,cal-LloNfAIpRTSOjyx,Buenos Aires,Ciudad Aut√≥noma de Buenos Aires,Argentina,"Artlab, Roseti 93, C1427 Cdad. Aut√≥noma de Buenos Aires, Argentina",-34.586138399999996,-58.4463198,https://images.lumacdn.com/event-covers/t2/90e1366b-6f76-47a1-bff6-bf22733950ce.png,"[""Compose Network""]","[""usr-T52CHyY3RgSw4Lw""]",
evt-M6vGlwn71YmuGYa,"ONE OF US Run & Coffee // Aya, Cudis, 071Labs, Hedera, Aethir & FOMO Magazine",602xsovx,2025-11-19T11:30:00.000Z,2025-11-19T12:30:00.000Z,America/Buenos_Aires,offline,independent,public,75,75,false,true,Aya,cal-8E117FowAaV4CwC,Buenos Aires,Buenos Aires,Argentina,"Taras Shevchenko Monument, Buenos Aires, C1425 Buenos Aires, Argentina",-34.573154099999996,-58.4166187,https://images.lumacdn.com/event-covers/d1/9a0add14-0a3e-4bf7-b6ac-1d4a194e251a.jpg,"[""Aya Wallet"",""ONE OF US"",""Rafik Fellal"",""Fady"",""Enzo Amorim""]","[""usr-8hdwtPOeEuOmAiU"",""usr-N9CDwoTdenTdoN9"",""usr-jyXyC0oIots9qUL"",""usr-Xr3qTpw8dpIA6C2"",""usr-aV6LKlACBYjbFOl""]",
evt-5CQys9pkejsxwYU,DeFi Security 101 @ Devconnect,8kje8uh3,2025-11-19T12:00:00.000Z,2025-11-19T21:00:00.000Z,America/Buenos_Aires,offline,independent,public,689,689,true,false,Personal,cal-I9ZqD1ptFtG6851,C1426DKB,Ciudad Aut√≥noma de Buenos Aires,Argentina,"HIT Arguibel, Andr√©s Arguibel 2860, C1426DKB C1426DKB, Cdad. Aut√≥noma de Buenos Aires, Argentina",-34.5720648,-58.4298759,https://images.lumacdn.com/event-covers/1k/c50b5df0-1a00-4f80-9705-5b0afd51f384.png,"[""DeFi Security Summit"",""Fiorella"",""uri""]","[""usr-plbxENfEVX8fkbA"",""usr-zHZs9hAyNafS6i8"",""usr-5AlbZ2uKskSSpss""]",
evt-KkD3F9LTDvwPpmi,Verifying Intelligence: Where ZK Meets AI & x402,xevcy7za,2025-11-19T12:30:00.000Z,2025-11-19T18:30:00.000Z,America/Argentina/Buenos_Aires,offline,independent,public,668,668,false,true,House of ZK,cal-CutIhdltUtMyC9A,Buenos Aires,Ciudad Aut√≥noma de Buenos Aires,Argentina,"Cultural Vivo, Nicaragua 4462, C1414BVD Cdad. Aut√≥noma de Buenos Aires, Argentina",-34.58932,-58.4239359,https://images.lumacdn.com/event-covers/og/c41e049f-67f5-4f1a-bfce-707b1c51fd8e.jpg,"[""HoZK"",""Brevis""]","[""usr-cFgIqHhQmT6jVkc"",""usr-afUzHH0B7u7VU2N""]",The Home of Zero-Knowledge Media
evt-swEg3kzCdwiSpLs,Whitepaper Reading Sessions @ Verifying Intelligence,1ac4bc27,2025-11-19T12:30:00.000Z,2025-11-19T18:30:00.000Z,America/Argentina/Buenos_Aires,offline,independent,public,272,272,false,true,House of ZK,cal-CutIhdltUtMyC9A,Buenos Aires,Ciudad Aut√≥noma de Buenos Aires,Argentina,"Cultural Vivo, Nicaragua 4462, C1414BVD Cdad. Aut√≥noma de Buenos Aires, Argentina",-34.58932,-58.4239359,https://images.lumacdn.com/event-covers/sd/5856992d-ed0e-4816-a9e2-a3ca40cde134.png,"[""HoZK"",""Whitepaper Reading Club""]","[""usr-cFgIqHhQmT6jVkc"",""usr-fYWAK3esXl0Tegz""]",The Home of Zero-Knowledge Media
evt-DFFvunpVXeFs5GX,Bitcoin Builders: Buenos Aires,3tgl3fn6,2025-11-19T13:00:00.000Z,2025-11-19T19:30:00.000Z,America/Buenos_Aires,offline,independent,public,734,734,true,false,Personal,cal-oq2dropmWy1tpZX,Buenos Aires,Ciudad Aut√≥noma de Buenos Aires,Argentina,"Casa M√≠nima, San Lorenzo 380, C1064AFD Cdad. Aut√≥noma de Buenos Aires, Argentina",-34.6167288,-58.3713366,https://images.lumacdn.com/event-covers/9a/bf8e22ed-4f87-493d-b1d1-949c94730beb.jpg,"[""Stacks Labs""]","[""usr-8o2F6E11tKBWTIT""]",
evt-HGTXgif4fZVahWG,Encryption Day,e9ces3lr,2025-11-19T13:00:00.000Z,2025-11-20T01:00:00.000Z,America/Argentina/Buenos_Aires,offline,independent,public,1222,1222,true,false,Fhenix,cal-zd5FADWUsUBGr5T,Buenos Aires,Ciudad Aut√≥noma de Buenos Aires,Argentina,"Concepci√≥n Arenal 2989, C1426DGG Cdad. Aut√≥noma de Buenos Aires, Argentina",-34.5788702,-58.44257979999999,https://images.lumacdn.com/event-covers/o5/59c112b6-22af-4d16-bb21-75506e6f8a62.png,"[""Fhenix ‚Äé"",""Crecimiento"",""Optalysys""]","[""usr-gHHb27nC5BX3qIq"",""usr-hvnwOlMx5Z2iDks"",""usr-wcuiyL4BrpJBiWG""]","Fhenix is an FHE research and development company building scalable, real-world applications of Fully Homomorphic Encryption"
evt-HbGE5zAEesQducY,Coworking Frutal #19 - Devconnect Edition - Day 1,26bykm44,2025-11-12T12:00:00.000Z,2025-11-12T15:30:00.000Z,America/Buenos_Aires,offline,independent,public,70,70,false,true,Frutero Club,cal-Mx4mOoMyOkMGEz0,C1057AAD,Ciudad Aut√≥noma de Buenos Aires,Argentina,"Paraguay 412, C1057AAD C1057AAD, Cdad. Aut√≥noma de Buenos Aires, Argentina",-34.5974035,-58.373145199999996,https://images.lumacdn.com/event-covers/ir/529a2a81-c4dc-48a7-9191-c86bbd739693.png,"[""Emmanuel Mart√≠nez"",""Jazz""]","[""usr-xAEHB1qAGxHnjEw"",""usr-4BWXNjVaUqrrEwC""]","Calendario de eventos globales de la comunidad de builders, Frutero Club üçç."
evt-IO1mFNXimprexAY,Coworking Frutal #20 - Devconnect Edition - Day 2,3p9dvacf,2025-11-13T12:00:00.000Z,2025-11-13T15:30:00.000Z,America/Argentina/Buenos_Aires,offline,independent,public,33,33,false,true,Frutero Club,cal-Mx4mOoMyOkMGEz0,C1057AAD,Ciudad Aut√≥noma de Buenos Aires,Argentina,"Paraguay 412, C1057AAD C1057AAD, Cdad. Aut√≥noma de Buenos Aires, Argentina",-34.5974035,-58.373145199999996,https://images.lumacdn.com/event-covers/45/11c173d1-d970-4b45-8225-c0c04e50f5a5.png,"[""Emmanuel Mart√≠nez"",""Jazz""]","[""usr-xAEHB1qAGxHnjEw"",""usr-4BWXNjVaUqrrEwC""]","Calendario de eventos globales de la comunidad de builders, Frutero Club üçç."
evt-Bcz1AuaDY574TpX,Coworking Frutal #21 - Devconnect Edition - Day 3,p5uc4pam,2025-11-14T12:00:00.000Z,2025-11-14T15:30:00.000Z,America/Buenos_Aires,offline,independent,public,36,36,false,true,Frutero Club,cal-Mx4mOoMyOkMGEz0,C1057AAD,Ciudad Aut√≥noma de Buenos Aires,Argentina,"Paraguay 412, C1057AAD C1057AAD, Cdad. Aut√≥noma de Buenos Aires, Argentina",-34.5974035,-58.373145199999996,https://images.lumacdn.com/event-covers/6a/ccd181d4-06b2-448b-992d-229dbbe01baa.png,"[""Emmanuel Mart√≠nez"",""Jazz""]","[""usr-xAEHB1qAGxHnjEw"",""usr-4BWXNjVaUqrrEwC""]","Calendario de eventos globales de la comunidad de builders, Frutero Club üçç."
evt-rrAUIIhtJ2xAGoI,Rootstock Builder Day,3nc04yjk,2025-11-19T13:00:00.000Z,2025-11-19T20:00:00.000Z,America/Buenos_Aires,offline,independent,public,143,143,false,true,Rootstock,cal-TkqioSidTcht8Ir,C1425BCA,Ciudad Aut√≥noma de Buenos Aires,Argentina,"Kopi Caf√©, Beruti 3897, C1425BCA C1425BCA, Cdad. Aut√≥noma de Buenos Aires, Argentina",-34.583214999999996,-58.4153862,https://images.lumacdn.com/event-covers/0n/75d57344-87d5-4267-b545-076caf72f821.png,"[""Rootstock""]","[""usr-qCTAaZ8rtydOyN4""]",
evt-hk2KJBnrAI5QdMY,Bolivia: LatAm's New Crypto Adoption Frontier | @ Devconnect Argentina,obbvvdb4,2025-11-19T13:30:00.000Z,2025-11-19T14:30:00.000Z,America/Buenos_Aires,offline,independent,public,215,215,true,false,ETH Bolivia - Calendar,cal-n1DAzZp0AGFOaH8,Buenos Aires,Ciudad Aut√≥noma de Buenos Aires,Argentina,"La Rural, Av. Sarmiento 2704, C1425 Cdad. Aut√≥noma de Buenos Aires, Argentina",-34.5797805,-58.4209327,https://images.lumacdn.com/event-covers/gi/9f316533-5a4d-47c4-b7e3-c51b95e65525.png,"[""ETH Bolivia""]","[""usr-1LihOHWoArBllkv""]",Comunidad de Ethereum en Bolivia
evt-3Fr1AsHwwMN5dWh,AdoptionCon | Devconnect üá¶üá∑,adoptcon25,2025-11-19T14:00:00.000Z,2025-11-19T21:00:00.000Z,America/Buenos_Aires,offline,independent,public,1169,1169,false,true,Epic Web3,cal-v7Zqk62aCqmu3nH,Buenos Aires,Ciudad Aut√≥noma de Buenos Aires,Argentina,"HIT Polo, Av. Dorrego 3550, C1425GAZ Cdad. Aut√≥noma de Buenos Aires, Argentina",-34.5695766,-58.4226981,https://images.lumacdn.com/event-covers/hp/242e2e5f-6bf6-485c-b5cd-53486706691b.png,"[""Epic Web3"",""Taiko"",""Brevis"",""Status Network"",""PEXX"",""Rayls .""]","[""usr-lrHnLARDJtoWJ3a"",""usr-W39Kr463Kk32IQt"",""usr-afUzHH0B7u7VU2N"",""usr-07rt50cDKlR1kA4"",""usr-wHFV62Q2qEc74xD"",""usr-mDZGFMJBme4rnsV""]",
evt-3eQatOlBeerpmqv,Algoland: An Immersive Experience by Algorand,cgiiioqr,2025-11-19T14:00:00.000Z,2025-11-20T21:00:00.000Z,America/Buenos_Aires,offline,independent,public,694,694,false,true,Personal,cal-tI5f7JdBeFYTg5U,Buenos Aires,Ciudad Aut√≥noma de Buenos Aires,Argentina,"Palermo Groove, Av. Sta. Fe 4389, C1425 Cdad. Aut√≥noma de Buenos Aires, Argentina",-34.5796591,-58.423176999999995,https://images.lumacdn.com/event-covers/06/c6b56407-ee87-426d-ad4e-03065722893d.gif,"[""Algorand Foundation""]","[""usr-s0Y3j2KKuAoxrjz""]",
evt-6BF77nMOSLZRdHA,Chainlink House @ Devconnect 2025,ChainlinkHouseDevConnect,2025-11-19T14:00:00.000Z,2025-11-19T23:30:00.000Z,America/Buenos_Aires,offline,independent,public,1023,1023,false,true,Chainlink Global Events,cal-5DWCqBoEEB63D2O,Buenos Aires,Ciudad Aut√≥noma de Buenos Aires,Argentina,"AreaTres El Salvador, El Salvador 5218, C1414BPV Cdad. Aut√≥noma de Buenos Aires, Argentina",-34.5860057,-58.432202800000006,https://images.lumacdn.com/event-covers/h2/006c3ad1-0d9f-4d1a-9601-e299b626b708.png,"[""Chainlink""]","[""usr-5CcdfZgV6EGL932""]",Find your local meetup on the Chainlink Community Global Events Calendar
evt-CLJbkCiouMMlblH,StoryCheck: Automating front end docs verification for EVM dApps,gs2sc1k9,2025-11-19T14:00:00.000Z,2025-11-19T15:00:00.000Z,America/Argentina/Buenos_Aires,offline,independent,public,100,100,true,false,Personal,cal-5AifPDbOPfQLGWy,Buenos Aires,Ciudad Aut√≥noma de Buenos Aires,Argentina,"La Rural, Av. Sarmiento 2704, C1425 Cdad. Aut√≥noma de Buenos Aires, Argentina",-34.5797805,-58.4209327,https://images.lumacdn.com/event-covers/g1/7008f5e7-410b-4ccf-8bdd-9038a7450488.png,"[""Ivelin A. Ivanov""]","[""usr-QsCnncKZZO9ke1c""]",
evt-j4RXLuBevOxLuHU,BitcoinFi Builders and Backers,9zlne12t,2025-11-19T16:00:00.000Z,2025-11-19T20:00:00.000Z,America/Argentina/Buenos_Aires,offline,independent,public,547,547,true,false,Personal,cal-p6f47Fm71qJSooi,Buenos Aires,Ciudad Aut√≥noma de Buenos Aires,Argentina,"AVG Electric Caf√©, Av. Infanta Isabel 220, C1425 Cdad. Aut√≥noma de Buenos Aires, Argentina",-34.570415499999996,-58.42150840000001,https://images.lumacdn.com/event-covers/23/bcc5d1c6-189b-4f10-bec8-88dd9ad00f38.png,"[""Mezo"",""Encode Club""]","[""usr-saOuJlfwjVETnxr"",""usr-amuWjLmhBHCMyzG""]",
evt-D24EVlBDkrF1UPP,"Startup Palacio | Supermoon, TON @ Devconnect",wxhk2tou,2025-11-19T16:00:00.000Z,2025-11-19T20:00:00.000Z,America/Buenos_Aires,offline,independent,public,0,0,false,true,Personal,cal-d3fDYhRV6zFurGF,Buenos Aires,Ciudad Aut√≥noma de Buenos Aires,Argentina,"Xul Solar Museum, Laprida 1212, C1425EKF Cdad. Aut√≥noma de Buenos Aires, Argentina",-34.594742499999995,-58.407934000000004,https://images.lumacdn.com/event-covers/ot/c94683b9-7c89-41eb-9aa3-03b640352684.png,"[""Supermoon"",""Angela Brasington"",""Protocol Labs""]","[""usr-aoIAORxGXFM0D6i"",""usr-fM3jOxg0SFuSSTB"",""usr-fUNvOvwztMoxqik""]",
evt-fWkxQceTgnZQe4t,Afternoon TEE Party,7m9ogr6h,2025-11-19T18:00:00.000Z,2025-11-19T23:00:00.000Z,America/Buenos_Aires,offline,independent,public,0,0,false,true,iExec,cal-6aj6gOhvfBaS9n6,Buenos Aires,Ciudad Aut√≥noma de Buenos Aires,Argentina,"MUSGO ‚Äî Fine Dining ¬∑ Restaurante de Alta Cocina en Palermo, Nicaragua 4758, C1004 Cdad. Aut√≥noma de Buenos Aires, Argentina",-34.5871237,-58.42694419999999,https://images.lumacdn.com/event-covers/95/e8637559-c644-48e8-9cd7-4d11f0095743.png,"[""iExec"",""Oasis Network""]","[""usr-pD6UMmWQW4de28B"",""usr-ER0f5qfdYdIiJd4""]","The Builders' Home for Privacy Tools.
$RLC‚ö°Ô∏è"
evt-6kCRfHjJR4hSKvP,AI x Low Risk DeFi Den,xe2z1aba,2025-11-19T18:30:00.000Z,2025-11-20T01:30:00.000Z,America/Buenos_Aires,offline,independent,public,315,315,false,true,Personal,cal-8EsIT0RJ2DcxyCF,C1425BXB,Ciudad Aut√≥noma de Buenos Aires,Argentina,"Casa Soler, Soler 4854, C1425BXH C1425BXB, Cdad. Aut√≥noma de Buenos Aires, Argentina",-34.585696399999996,-58.426648300000004,https://images.lumacdn.com/event-covers/x4/3ddb7342-0411-44a2-b83a-a2fdda672e6b.png,"[""CoinFello"",""MinChi Park"",""EigenCloud""]","[""usr-JOcyTu2w2j2dzXz"",""usr-hqvDFUHiC06o1ZY"",""usr-Ffq2GOtErK9UHaJ""]",
evt-CrKlCT8PJAKNBC4,LayerZero @ The Zama CoFHE Shop,4jgr8il0,2025-11-19T18:30:00.000Z,2025-11-19T19:30:00.000Z,America/Buenos_Aires,offline,independent,public,0,0,true,false,LayerZero Events,cal-HFecfJWA0024Xgw,Buenos Aires,Ciudad Aut√≥noma de Buenos Aires,Argentina,"Rosedal caf√©, Godoy Cruz 2905, C1425BAC Cdad. Aut√≥noma de Buenos Aires, Argentina",-34.5767989,-58.4232617,https://images.lumacdn.com/event-covers/x5/9d8172c5-06dc-4b2c-902c-ee0fdb5d3499.png,"[""LayerZero"",""Genia - Zama""]","[""usr-Xd1GByTKNDiwnuq"",""usr-FZUSrQlyONTcyZW""]",
evt-jE2x85B4mKemk4N,Filecoin Code n' Corgi Buenos Aires,u89v5ebs,2025-11-19T18:30:00.000Z,2025-11-19T21:30:00.000Z,America/Buenos_Aires,offline,independent,public,324,324,false,true,Code n' Corgi üêæ,cal-qOuAAVsbpsWYHA6,Buenos Aires,Buenos Aires,Argentina,"Buenos Aires, Argentina",-34.6036739,-58.3821215,https://images.lumacdn.com/event-covers/m7/daf04d23-ea12-4223-bba8-ff4d99142aaa.png,"[""FIL-B""]","[""usr-KgJJMEuslakAiB5""]",
evt-OHN9b79AJE3k9Gz,Benchmarking the future of private computations by P2P.org,mmufoop9,2025-11-19T20:00:00.000Z,2025-11-19T21:00:00.000Z,America/Buenos_Aires,offline,independent,public,0,0,false,true,Personal,cal-UKjhBQFu3xWspjn,Buenos Aires,Ciudad Aut√≥noma de Buenos Aires,Argentina,"Rosedal caf√©, Godoy Cruz 2905, C1425BAC Cdad. Aut√≥noma de Buenos Aires, Argentina",-34.5767989,-58.4232617,https://images.lumacdn.com/event-covers/ko/4ea0b927-8108-4442-8a34-b7a0c170c85a.png,"[""Genia - Zama"",""Maria Zenner"",""P2P.org""]","[""usr-FZUSrQlyONTcyZW"",""usr-9F7niP8BbUWNy5m"",""usr-JcsHbXRNSM2jPak""]",
evt-uaXYWUrZGm6LUk7,üå∏ Crypto Parents Picnic @ The Rosedal,m79zeq4u,2025-11-19T20:00:00.000Z,2025-11-19T23:00:00.000Z,America/Buenos_Aires,offline,independent,public,290,290,false,true,Personal,cal-Srz01XwdSxzM5wj,Buenos Aires,Ciudad Aut√≥noma de Buenos Aires,Argentina,"Av. del Libertador 3500, C1425 Cdad. Aut√≥noma de Buenos Aires, Argentina",-34.5738196,-58.41796110000001,https://images.lumacdn.com/event-covers/gj/7cfbd9e4-c85f-4216-931c-c45a15e97931.png,"[""Matias Codon Varela"",""Ignacio"",""Sofia Vasquez Furriel""]","[""usr-TtLEJ2jCpHXPSfB"",""usr-PSF97bo1GlRoNUl"",""usr-XdfcXKtTaED7PAB""]",
evt-IrNqcRynVrNF33I,ENS in Buenos Aires,nyu51tta,2025-11-19T21:00:00.000Z,2025-11-20T00:00:00.000Z,America/Buenos_Aires,offline,independent,public,1123,1123,true,false,Personal,cal-nPS3lNA29K9B2QI,Buenos Aires,Ciudad Aut√≥noma de Buenos Aires,Argentina,"Piso 15 Sky Bar by Vuelta Abajo Social Club, Av. Corrientes 222 piso 15, C1043 Cdad. Aut√≥noma de Buenos Aires, Argentina",-34.6031401,-58.3706367,https://images.lumacdn.com/event-covers/hv/aa53f611-ec5c-4dbe-acda-d3df32e0bd37.png,"[""limes.eth"",""Simona Pop""]","[""usr-TiGfGYlIaBF5Ttr"",""usr-b1k9wVfzFGBZXY1""]",
evt-11k6lYJ1fmCwvT9,MORNING RAVE,2t6eqg6s,2025-11-20T11:30:00.000Z,2025-11-20T14:30:00.000Z,America/Buenos_Aires,offline,independent,public,144,144,false,true,Rootstock,cal-TkqioSidTcht8Ir,C1425BCA,Ciudad Aut√≥noma de Buenos Aires,Argentina,"Kopi Caf√©, Beruti 3897, C1425BCA C1425BCA, Cdad. Aut√≥noma de Buenos Aires, Argentina",-34.583214999999996,-58.4153862,https://images.lumacdn.com/event-covers/ln/f37faf4c-192c-402b-b29e-12c5fd8fb074.png,"[""Rootstock""]","[""usr-qCTAaZ8rtydOyN4""]",
evt-pG2w3pV4Bc94oDx,Agentic Zero,686esmjs,2025-11-20T12:00:00.000Z,2025-11-20T21:00:00.000Z,America/Buenos_Aires,offline,independent,public,217,217,false,true,Personal,cal-MZ5iW6hO0GRczyB,Buenos Aires,Ciudad Aut√≥noma de Buenos Aires,Argentina,"La Rural, Av. Sarmiento 2704, C1425 Cdad. Aut√≥noma de Buenos Aires, Argentina",-34.5797805,-58.4209327,https://images.lumacdn.com/event-covers/uh/a6d63222-67db-4853-acbd-c608c66d0159.png,"[""Eugenia"",""pili"",""lukaskywalker""]","[""usr-7k1LIerhFYEOflB"",""usr-sOvdnYzIHWGmePp"",""usr-cfFQzHTNlx3tapU""]",
evt-CHBQ78plDDYuYbW,NoirCon 3: For privacy developers,m5uc4w2k,2025-11-20T13:00:00.000Z,2025-11-20T19:00:00.000Z,America/Argentina/Buenos_Aires,offline,independent,public,606,606,false,true,Aztec Events,cal-kkW6hDI0GVpFlDt,,,,,,,https://images.lumacdn.com/event-covers/28/4ba6c2db-9216-4481-9a2d-6b8e8c3c31d8.png,"[""Aztec""]","[""usr-K4kCN9Gc5KVqrqS""]","Building the first privacy network on Ethereum. Designed for secure and private transactions, powered by Noir."
evt-PI6flRchTkcSUer,Onchain Capital Summit,onchain_capital_summit,2025-11-20T13:00:00.000Z,2025-11-20T22:00:00.000Z,America/Buenos_Aires,offline,independent,public,416,416,false,true,Personal,cal-M6qL9F1G2QU86zZ,Buenos Aires,Ciudad Aut√≥noma de Buenos Aires,Argentina,"La Escondida de Dorrego, Av. Dorrego 4048, C1425 Cdad. Aut√≥noma de Buenos Aires, Argentina",-34.5612779,-58.41843189999999,https://images.lumacdn.com/event-covers/51/70251c3e-cb07-4329-8cc5-a35158fd5bfd.png,"[""Mellow"",""P2P.org"",""Jorge Cuartero"",""Nexus Mutual"",""Edge Capital""]","[""usr-X5KyXc7jfBDsayw"",""usr-JcsHbXRNSM2jPak"",""usr-c4Edq3TuZ63CHaw"",""usr-vHgDPZdRishPCyl"",""usr-B85DzNYvjrPRtRP""]",
evt-jymDFIZA3mIQfmk,Schelling Point,txyeg96m,2025-11-20T13:00:00.000Z,2025-11-20T19:00:00.000Z,America/Buenos_Aires,offline,independent,public,746,746,false,true,Gitcoin,cal-vf09YmBF8LjNJAA,,,,,,,https://images.lumacdn.com/event-covers/ch/fef8f2d1-24cd-4783-8123-c093eb86dc46.png,[],[],Hosting events that matter.
evt-UpNYP3QzMge787M,WalletCon Buenos Aires 2025,walletconbuenosaires,2025-11-20T13:00:00.000Z,2025-11-20T21:00:00.000Z,America/Buenos_Aires,offline,independent,public,2356,2356,true,true,Personal,cal-tqUp3ek3CuE1Uv2,Buenos Aires,Ciudad Aut√≥noma de Buenos Aires,Argentina,"Polo House, Av. Dorrego 3400, C1425 Cdad. Aut√≥noma de Buenos Aires, Argentina",-34.571645,-58.425211,https://images.lumacdn.com/event-covers/tt/4d9fc351-1259-4324-a815-602614c2ba67.png,"[""WalletConnect"",""Reown"",""Solayer"",""Talent Protocol"",""LI.FI"",""Trust Wallet""]","[""usr-Dm1HdhCXoE2dPNM"",""usr-3XXrMiFuGz7jsGr"",""usr-OhikE3Bkyi6Fvei"",""usr-3vCKZmfc0CyD8LJ"",""usr-CVNigW1huMc9hnT"",""usr-RoVN8uU0pN9Qowl""]",
evt-GZf2tFreGAGluzx,Ethereum Culture Day by ETHPrague,tpsd95u6,2025-11-20T17:00:00.000Z,2025-11-20T22:00:00.000Z,America/Argentina/Ushuaia,offline,independent,public,181,181,false,true,Personal,cal-HxX61UHPSfU52L5,Buenos Aires,Ciudad Aut√≥noma de Buenos Aires,Argentina,"Palacio Guerrico, Marcelo Torcuato de Alvear, 1155AAQ Cdad. Aut√≥noma de Buenos Aires, Argentina",-34.596548399999996,-58.383564899999996,https://images.lumacdn.com/event-covers/we/3c8fc0b6-f8da-4aec-9195-90285fd3858c.jpg,"[""ETHPrague"",""EigenCloud"",""Ackee Blockchain Security"",""CleevioX""]","[""usr-Nh38eykyiHhCBJB"",""usr-Ffq2GOtErK9UHaJ"",""usr-TiAIbXAeOPeginX"",""usr-CNbN4TqCpBFi2XK""]",
evt-MlBeYe59NjJVH7Z,Native BTCFi Summit,uyalv5jc,2025-11-20T17:00:00.000Z,2025-11-20T23:00:00.000Z,Europe/Madrid,offline,independent,public,208,208,false,true,BOB | The Gateway to Bitcoin DeFi,cal-SPX1s2ADovTbLNh,BTN,Ciudad Aut√≥noma de Buenos Aires,Argentina,"CasaSur Palermo Hotel, Buenos Aires AR, Costa Rica 6032, C1414 BTN, Cdad. Aut√≥noma de Buenos Aires, Argentina",-34.5792915,-58.43926469999999,https://images.lumacdn.com/event-covers/bw/071368d6-3dd7-4a8d-b8e0-9be322fdcd00.png,"[""BOB - Build on Bitcoin"",""Babylon Labs"",""Boundless"",""Ankr - Powering Web3"",""GOAT Network"",""P2P.org"",null]","[""usr-ullQ1LL52rXU6dw"",""usr-QGtzgYx5WEa5dfQ"",""usr-TGNp3WlDGIT5Ifl"",""usr-OtFqC2OhegHKX9N"",""usr-ZMg4fB7LembsE5R"",""usr-JcsHbXRNSM2jPak"",""usr-RZ4DndMiW1UEynK""]","The easiest and safest way to earn with your Bitcoin. Secured by the BOB Hybrid Chain & BitVM.
Watch this space for meet-ups, exclusive networking events, VC pitching opportunities and hackathons."
evt-Piqz2MPhfAGHkmj,Onboarding 3.0: Balance entre la adopci√≥n masiva y la construcci√≥n continua en Web3,vqcid3bi,2025-11-20T18:00:00.000Z,2025-11-20T19:00:00.000Z,America/Argentina/Buenos_Aires,offline,independent,public,137,137,true,false,CeloColombia,cal-mPGZWoJF7D0qrjN,Buenos Aires,Ciudad Aut√≥noma de Buenos Aires,Argentina,"La Rural, Av. Sarmiento 2704, C1425 Cdad. Aut√≥noma de Buenos Aires, Argentina",-34.5797805,-58.4209327,https://images.lumacdn.com/event-covers/8v/d36a12be-f87a-402e-91d8-bcfc781e0d75.png,"[""Celo Colombia"",""Paul Rodas"",""TuCOP Finance"",""Medellin Blockchain Community"",""ETH Ecuador""]","[""usr-nM6lAQa4F473nc5"",""usr-aXt40O3VUtBwanV"",""usr-EL0rkuDQysWVVoK"",""usr-W7wffnPSaXGmsam"",""usr-quvKMLVflo0zItY""]",
evt-FSXCNPig6nG9ZZA,Privacy Szn Happy Hour,612avozu,2025-11-20T19:00:00.000Z,2025-11-20T21:30:00.000Z,Europe/London,offline,independent,public,365,365,false,true,Aztec Events,cal-kkW6hDI0GVpFlDt,,,,,,,https://images.lumacdn.com/event-covers/1t/e8608c26-dab0-4953-831d-30f6da190254.png,"[""Aztec"",""Matias Nisenson"",""Th√©o"",""Michael Elliot"",""Wonderland"",""Aleo Network""]","[""usr-K4kCN9Gc5KVqrqS"",""usr-5QF14u1OIlzVocC"",""usr-sO96oV5vrmOMS2J"",""usr-q5HD0I75oEH9EIU"",""usr-A3CqHF9G52C94JO"",""usr-vCy7B1RsmiSn4Kr""]","Building the first privacy network on Ethereum. Designed for secure and private transactions, powered by Noir."
evt-oAIuCQuuSHdXkXJ,DevNVibe - DevConnect Meetup Hosted by Mimic & Developer DAO,ffpnymfw,2025-11-20T20:00:00.000Z,2025-11-20T23:00:00.000Z,America/Buenos_Aires,offline,independent,public,170,170,false,true,Developer DAO | Web 3 Events,cal-W5jMS2c5eVfxh4j,C1426DGG,Ciudad Aut√≥noma de Buenos Aires,Argentina,"Aleph Hub, Concepci√≥n Arenal 2989, C1426DGG C1426DGG, Cdad. Aut√≥noma de Buenos Aires, Argentina",-34.579064699999996,-58.4426517,https://images.lumacdn.com/event-covers/zx/3ebfe0ef-f11a-4aee-8388-1896233e8e64.png,"[""Developer DAO"",""Mimic Protocol"",""Crecimiento""]","[""usr-nZjQNcKDg73KQ9x"",""usr-iZPKcd7Llsjhdmd"",""usr-hvnwOlMx5Z2iDks""]","Subscribe to get the alpha on Web3 events, tutorials IRL parties and more."
evt-yFTyaVaKEnN6K6O,DeFi Founders Club: Buenos Aires,u0brkfmq,2025-11-20T21:00:00.000Z,2025-11-21T00:30:00.000Z,America/Buenos_Aires,offline,independent,public,0,0,false,true,DeFi Founders Club,cal-AiCHNP3MPCUd3MX,Buenos Aires,Buenos Aires,Argentina,"Buenos Aires, Argentina",-34.6036739,-58.3821215,https://images.lumacdn.com/event-covers/z4/4945d46c-1ed8-4a0e-aeb4-68d7fa647d0c.png,"[""DeFi Founders Club""]","[""usr-z13MBEMHWDCFh3t""]",The founders network in DeFi.
evt-VQViKOjXl6kpdFd,Ultimate Security Games powered by Monad | Live Smart Contract Hacking,f9szuj9z,2025-11-20T21:00:00.000Z,2025-11-21T02:30:00.000Z,America/Buenos_Aires,offline,independent,public,258,258,false,true,RareSkills,cal-VMXXnpGRBCwGhzb,Buenos Aires,Ciudad Aut√≥noma de Buenos Aires,Argentina,"Ciudad Cultural Konex, Sarmiento 3131, C1196 Cdad. Aut√≥noma de Buenos Aires, Argentina",-34.6065695,-58.4105342,https://images.lumacdn.com/event-covers/9n/b1e51f41-ffde-4dbf-b079-4487d60e8d30.png,"[""RareSkills"",""Monad Foundation""]","[""usr-TVWWnY6EpMLhYIR"",""usr-mQMK6XfWDqWgxOI""]",Where Blockchain Engineers at Top Companies Study
evt-5fg7fBgGA0vrjv6,The Best Event at Devconnect ARG,TBE-DevconnectARG25,2025-11-20T22:00:00.000Z,2025-11-21T05:00:00.000Z,America/Buenos_Aires,offline,independent,public,356,356,true,false,Personal,cal-oC8NwZYzM09aGyL,Buenos Aires,Ciudad Aut√≥noma de Buenos Aires,Argentina,"Laundry Soho Bar, Gorriti 5143, C1414 Cdad. Aut√≥noma de Buenos Aires, Argentina",-34.588465299999996,-58.432497000000005,https://images.lumacdn.com/event-covers/zb/ef5725ff-932a-4266-b925-7ad35408ef81.png,"[""Brent Fulfer"",""Tobias Bauer"",""Mihir Odhrani""]","[""usr-mM7O1fqHnqfdGiC"",""usr-0v0qsgZkRqrfu0e"",""usr-p6G86zozgNsOxcf""]",
evt-pj3uBsNeptIrKwE,Students & Companies Connect,kwu2wzzy,2025-11-21T13:00:00.000Z,2025-11-21T16:00:00.000Z,America/Buenos_Aires,offline,independent,public,0,0,false,true,Personal,cal-k9NsNhQEXZNV654,Buenos Aires,Ciudad Aut√≥noma de Buenos Aires,Argentina,"La Rural, Av. Sarmiento 2704, C1425 Cdad. Aut√≥noma de Buenos Aires, Argentina",-34.5797805,-58.4209327,https://images.lumacdn.com/event-covers/7w/35114411-d966-4fe7-a6e3-2751cf6a3ede.png,"[""Shyam Sridhar"",""EigenCloud"",""Mustafa H"",""Cynthia Wang"",""dev3pack""]","[""usr-4rAWhHRpnOJH8cy"",""usr-Ffq2GOtErK9UHaJ"",""usr-YfaTaDQ49qTHNvz"",""usr-ht80JmujiDWlulB"",""usr-6vIkMY6O4nPyGuo""]",
evt-CvtD2fVaIKZv3Hi,JummahDAO: Buenos Aires,s4x788be,2025-11-21T15:00:00.000Z,2025-11-21T16:30:00.000Z,America/Buenos_Aires,offline,independent,public,238,238,true,false,Jummah DAO,cal-hPV7p19AWyj6Zji,Buenos Aires,Ciudad Aut√≥noma de Buenos Aires,Argentina,"Mezquita De Palermo, Av. Int. Bullrich 120, C1425 Cdad. Aut√≥noma de Buenos Aires, Argentina",-34.572433,-58.42424,https://images.lumacdn.com/event-covers/dp/0dbdb7ac-bed2-4315-94a0-643a287c3872.png,"[""PlugRel""]","[""usr-tYfd3hzY1RrrL7R""]",decentralized community bring crypto people together for Friday Prayers
evt-SOXd0vZXkqvNQKz,ZK Real World Summit,m2czgwue,2025-11-21T15:00:00.000Z,2025-11-22T00:00:00.000Z,America/Guayaquil,offline,independent,public,640,640,false,true,Personal,cal-6gFwKtiaipyW7HJ,,,,,,,https://images.lumacdn.com/event-covers/ut/3d722b9a-3676-4ee1-a608-269c78b1cbc3.png,"[""ZkMonk"",""Team zKmonk""]","[""usr-9FDDYjzbyeCclwS"",""usr-erY5JCvXlX7djVP""]",
evt-Vg4JEiBp03LDopL,üá¶üá∑Devconnect Founders + VC Connect: Investor Matching Arena by AKINDO,devconnect-showcase,2025-11-21T17:00:00.000Z,2025-11-21T21:00:00.000Z,America/Buenos_Aires,offline,independent,public,695,695,false,true,AKINDO,cal-sFXmbEbQY2tIXap,Buenos Aires,Ciudad Aut√≥noma de Buenos Aires,Argentina,"La Rural, Av. Sarmiento 2704, C1425 Cdad. Aut√≥noma de Buenos Aires, Argentina",-34.5797805,-58.4209327,https://images.lumacdn.com/event-covers/i0/d01ea6d5-1aa1-4982-8317-9dd1ba5f4751.png,"[""AKINDO""]","[""usr-OT1GrpFLYLu1Nqf""]","AKINDO is the world‚Äôs first and largest Buildathon platform. Unlike short-term hackathons, we take a long-term approach to grow your builder ecosystem and create ecosystem-native killer apps."
